entity,code,year,annual_launches,cumulative_launches
Algeria,DZA,1957,0,0
Algeria,DZA,1958,0,0
Algeria,DZA,1959,0,0
Algeria,DZA,1960,0,0
Algeria,DZA,1961,0,0
Algeria,DZA,1962,0,0
Algeria,DZA,1963,0,0
Algeria,DZA,1964,0,0
Algeria,DZA,1965,0,0
Algeria,DZA,1966,0,0
Algeria,DZA,1967,0,0
Algeria,DZA,1968,0,0
Algeria,DZA,1969,0,0
Algeria,DZA,1970,0,0
Algeria,DZA,1971,0,0
Algeria,DZA,1972,0,0
Algeria,DZA,1973,0,0
Algeria,DZA,1974,0,0
Algeria,DZA,1975,0,0
Algeria,DZA,1976,0,0
Algeria,DZA,1977,0,0
Algeria,DZA,1978,0,0
Algeria,DZA,1979,0,0
Algeria,DZA,1980,0,0
Algeria,DZA,1981,0,0
Algeria,DZA,1982,0,0
Algeria,DZA,1983,0,0
Algeria,DZA,1984,0,0
Algeria,DZA,1985,0,0
Algeria,DZA,1986,0,0
Algeria,DZA,1987,0,0
Algeria,DZA,1988,0,0
Algeria,DZA,1989,0,0
Algeria,DZA,1990,0,0
Algeria,DZA,1991,0,0
Algeria,DZA,1992,0,0
Algeria,DZA,1993,0,0
Algeria,DZA,1994,0,0
Algeria,DZA,1995,0,0
Algeria,DZA,1996,0,0
Algeria,DZA,1997,0,0
Algeria,DZA,1998,0,0
Algeria,DZA,1999,0,0
Algeria,DZA,2000,0,0
Algeria,DZA,2001,0,0
Algeria,DZA,2002,1,1
Algeria,DZA,2003,0,1
Algeria,DZA,2004,0,1
Algeria,DZA,2005,0,1
Algeria,DZA,2006,0,1
Algeria,DZA,2007,0,1
Algeria,DZA,2008,0,1
Algeria,DZA,2009,0,1
Algeria,DZA,2010,1,2
Algeria,DZA,2011,0,2
Algeria,DZA,2012,0,2
Algeria,DZA,2013,0,2
Algeria,DZA,2014,0,2
Algeria,DZA,2015,0,2
Algeria,DZA,2016,3,5
Algeria,DZA,2017,1,6
Algeria,DZA,2018,0,6
Algeria,DZA,2019,0,6
Algeria,DZA,2020,0,6
Algeria,DZA,2021,0,6
Algeria,DZA,2022,0,6
Algeria,DZA,2023,0,6
Algeria,DZA,2024,0,6
Algeria,DZA,2025,0,6
Angola,AGO,1957,0,0
Angola,AGO,1958,0,0
Angola,AGO,1959,0,0
Angola,AGO,1960,0,0
Angola,AGO,1961,0,0
Angola,AGO,1962,0,0
Angola,AGO,1963,0,0
Angola,AGO,1964,0,0
Angola,AGO,1965,0,0
Angola,AGO,1966,0,0
Angola,AGO,1967,0,0
Angola,AGO,1968,0,0
Angola,AGO,1969,0,0
Angola,AGO,1970,0,0
Angola,AGO,1971,0,0
Angola,AGO,1972,0,0
Angola,AGO,1973,0,0
Angola,AGO,1974,0,0
Angola,AGO,1975,0,0
Angola,AGO,1976,0,0
Angola,AGO,1977,0,0
Angola,AGO,1978,0,0
Angola,AGO,1979,0,0
Angola,AGO,1980,0,0
Angola,AGO,1981,0,0
Angola,AGO,1982,0,0
Angola,AGO,1983,0,0
Angola,AGO,1984,0,0
Angola,AGO,1985,0,0
Angola,AGO,1986,0,0
Angola,AGO,1987,0,0
Angola,AGO,1988,0,0
Angola,AGO,1989,0,0
Angola,AGO,1990,0,0
Angola,AGO,1991,0,0
Angola,AGO,1992,0,0
Angola,AGO,1993,0,0
Angola,AGO,1994,0,0
Angola,AGO,1995,0,0
Angola,AGO,1996,0,0
Angola,AGO,1997,0,0
Angola,AGO,1998,0,0
Angola,AGO,1999,0,0
Angola,AGO,2000,0,0
Angola,AGO,2001,0,0
Angola,AGO,2002,0,0
Angola,AGO,2003,0,0
Angola,AGO,2004,0,0
Angola,AGO,2005,0,0
Angola,AGO,2006,0,0
Angola,AGO,2007,0,0
Angola,AGO,2008,0,0
Angola,AGO,2009,0,0
Angola,AGO,2010,0,0
Angola,AGO,2011,0,0
Angola,AGO,2012,0,0
Angola,AGO,2013,0,0
Angola,AGO,2014,0,0
Angola,AGO,2015,0,0
Angola,AGO,2016,0,0
Angola,AGO,2017,1,1
Angola,AGO,2018,0,1
Angola,AGO,2019,0,1
Angola,AGO,2020,0,1
Angola,AGO,2021,0,1
Angola,AGO,2022,1,2
Angola,AGO,2023,0,2
Angola,AGO,2024,0,2
Angola,AGO,2025,0,2
Argentina,ARG,1957,0,0
Argentina,ARG,1958,0,0
Argentina,ARG,1959,0,0
Argentina,ARG,1960,0,0
Argentina,ARG,1961,0,0
Argentina,ARG,1962,0,0
Argentina,ARG,1963,0,0
Argentina,ARG,1964,0,0
Argentina,ARG,1965,0,0
Argentina,ARG,1966,0,0
Argentina,ARG,1967,0,0
Argentina,ARG,1968,0,0
Argentina,ARG,1969,0,0
Argentina,ARG,1970,0,0
Argentina,ARG,1971,0,0
Argentina,ARG,1972,0,0
Argentina,ARG,1973,0,0
Argentina,ARG,1974,0,0
Argentina,ARG,1975,0,0
Argentina,ARG,1976,0,0
Argentina,ARG,1977,0,0
Argentina,ARG,1978,0,0
Argentina,ARG,1979,0,0
Argentina,ARG,1980,0,0
Argentina,ARG,1981,0,0
Argentina,ARG,1982,0,0
Argentina,ARG,1983,0,0
Argentina,ARG,1984,0,0
Argentina,ARG,1985,0,0
Argentina,ARG,1986,0,0
Argentina,ARG,1987,0,0
Argentina,ARG,1988,0,0
Argentina,ARG,1989,0,0
Argentina,ARG,1990,1,1
Argentina,ARG,1991,0,1
Argentina,ARG,1992,0,1
Argentina,ARG,1993,0,1
Argentina,ARG,1994,0,1
Argentina,ARG,1995,0,1
Argentina,ARG,1996,3,4
Argentina,ARG,1997,1,5
Argentina,ARG,1998,1,6
Argentina,ARG,1999,0,6
Argentina,ARG,2000,2,8
Argentina,ARG,2001,0,8
Argentina,ARG,2002,2,10
Argentina,ARG,2003,0,10
Argentina,ARG,2004,0,10
Argentina,ARG,2005,0,10
Argentina,ARG,2006,0,10
Argentina,ARG,2007,1,11
Argentina,ARG,2008,0,11
Argentina,ARG,2009,0,11
Argentina,ARG,2010,0,11
Argentina,ARG,2011,1,12
Argentina,ARG,2012,0,12
Argentina,ARG,2013,2,14
Argentina,ARG,2014,2,16
Argentina,ARG,2015,1,17
Argentina,ARG,2016,0,17
Argentina,ARG,2017,0,17
Argentina,ARG,2018,1,18
Argentina,ARG,2019,0,18
Argentina,ARG,2020,1,19
Argentina,ARG,2021,1,20
Argentina,ARG,2022,1,21
Argentina,ARG,2023,1,22
Argentina,ARG,2024,0,22
Argentina,ARG,2025,0,22
Armenia,ARM,1957,0,0
Armenia,ARM,1958,0,0
Armenia,ARM,1959,0,0
Armenia,ARM,1960,0,0
Armenia,ARM,1961,0,0
Armenia,ARM,1962,0,0
Armenia,ARM,1963,0,0
Armenia,ARM,1964,0,0
Armenia,ARM,1965,0,0
Armenia,ARM,1966,0,0
Armenia,ARM,1967,0,0
Armenia,ARM,1968,0,0
Armenia,ARM,1969,0,0
Armenia,ARM,1970,0,0
Armenia,ARM,1971,0,0
Armenia,ARM,1972,0,0
Armenia,ARM,1973,0,0
Armenia,ARM,1974,0,0
Armenia,ARM,1975,0,0
Armenia,ARM,1976,0,0
Armenia,ARM,1977,0,0
Armenia,ARM,1978,0,0
Armenia,ARM,1979,0,0
Armenia,ARM,1980,0,0
Armenia,ARM,1981,0,0
Armenia,ARM,1982,0,0
Armenia,ARM,1983,0,0
Armenia,ARM,1984,0,0
Armenia,ARM,1985,0,0
Armenia,ARM,1986,0,0
Armenia,ARM,1987,0,0
Armenia,ARM,1988,0,0
Armenia,ARM,1989,0,0
Armenia,ARM,1990,0,0
Armenia,ARM,1991,0,0
Armenia,ARM,1992,0,0
Armenia,ARM,1993,0,0
Armenia,ARM,1994,0,0
Armenia,ARM,1995,0,0
Armenia,ARM,1996,0,0
Armenia,ARM,1997,0,0
Armenia,ARM,1998,0,0
Armenia,ARM,1999,0,0
Armenia,ARM,2000,0,0
Armenia,ARM,2001,0,0
Armenia,ARM,2002,0,0
Armenia,ARM,2003,0,0
Armenia,ARM,2004,0,0
Armenia,ARM,2005,0,0
Armenia,ARM,2006,0,0
Armenia,ARM,2007,0,0
Armenia,ARM,2008,0,0
Armenia,ARM,2009,0,0
Armenia,ARM,2010,0,0
Armenia,ARM,2011,0,0
Armenia,ARM,2012,0,0
Armenia,ARM,2013,0,0
Armenia,ARM,2014,0,0
Armenia,ARM,2015,0,0
Armenia,ARM,2016,0,0
Armenia,ARM,2017,0,0
Armenia,ARM,2018,0,0
Armenia,ARM,2019,0,0
Armenia,ARM,2020,0,0
Armenia,ARM,2021,0,0
Armenia,ARM,2022,1,1
Armenia,ARM,2023,1,2
Armenia,ARM,2024,0,2
Armenia,ARM,2025,0,2
Australia,AUS,1957,0,0
Australia,AUS,1958,0,0
Australia,AUS,1959,0,0
Australia,AUS,1960,0,0
Australia,AUS,1961,0,0
Australia,AUS,1962,0,0
Australia,AUS,1963,0,0
Australia,AUS,1964,0,0
Australia,AUS,1965,0,0
Australia,AUS,1966,0,0
Australia,AUS,1967,1,1
Australia,AUS,1968,0,1
Australia,AUS,1969,0,1
Australia,AUS,1970,1,2
Australia,AUS,1971,0,2
Australia,AUS,1972,0,2
Australia,AUS,1973,0,2
Australia,AUS,1974,0,2
Australia,AUS,1975,0,2
Australia,AUS,1976,0,2
Australia,AUS,1977,0,2
Australia,AUS,1978,0,2
Australia,AUS,1979,0,2
Australia,AUS,1980,0,2
Australia,AUS,1981,0,2
Australia,AUS,1982,0,2
Australia,AUS,1983,0,2
Australia,AUS,1984,0,2
Australia,AUS,1985,2,4
Australia,AUS,1986,0,4
Australia,AUS,1987,1,5
Australia,AUS,1988,0,5
Australia,AUS,1989,0,5
Australia,AUS,1990,0,5
Australia,AUS,1991,0,5
Australia,AUS,1992,2,7
Australia,AUS,1993,0,7
Australia,AUS,1994,1,8
Australia,AUS,1995,0,8
Australia,AUS,1996,0,8
Australia,AUS,1997,0,8
Australia,AUS,1998,1,9
Australia,AUS,1999,0,9
Australia,AUS,2000,0,9
Australia,AUS,2001,0,9
Australia,AUS,2002,1,10
Australia,AUS,2003,1,11
Australia,AUS,2004,0,11
Australia,AUS,2005,0,11
Australia,AUS,2006,1,12
Australia,AUS,2007,1,13
Australia,AUS,2008,0,13
Australia,AUS,2009,1,14
Australia,AUS,2010,0,14
Australia,AUS,2011,0,14
Australia,AUS,2012,0,14
Australia,AUS,2013,0,14
Australia,AUS,2014,1,15
Australia,AUS,2015,1,16
Australia,AUS,2016,1,17
Australia,AUS,2017,1,18
Australia,AUS,2018,6,24
Australia,AUS,2019,1,25
Australia,AUS,2020,3,28
Australia,AUS,2021,8,36
Australia,AUS,2022,0,36
Australia,AUS,2023,11,47
Australia,AUS,2024,9,56
Australia,AUS,2025,12,68
Austria,AUT,1957,0,0
Austria,AUT,1958,0,0
Austria,AUT,1959,0,0
Austria,AUT,1960,0,0
Austria,AUT,1961,0,0
Austria,AUT,1962,0,0
Austria,AUT,1963,0,0
Austria,AUT,1964,0,0
Austria,AUT,1965,0,0
Austria,AUT,1966,0,0
Austria,AUT,1967,0,0
Austria,AUT,1968,0,0
Austria,AUT,1969,0,0
Austria,AUT,1970,0,0
Austria,AUT,1971,0,0
Austria,AUT,1972,0,0
Austria,AUT,1973,0,0
Austria,AUT,1974,0,0
Austria,AUT,1975,0,0
Austria,AUT,1976,0,0
Austria,AUT,1977,0,0
Austria,AUT,1978,0,0
Austria,AUT,1979,0,0
Austria,AUT,1980,0,0
Austria,AUT,1981,0,0
Austria,AUT,1982,0,0
Austria,AUT,1983,0,0
Austria,AUT,1984,0,0
Austria,AUT,1985,0,0
Austria,AUT,1986,0,0
Austria,AUT,1987,0,0
Austria,AUT,1988,0,0
Austria,AUT,1989,0,0
Austria,AUT,1990,0,0
Austria,AUT,1991,0,0
Austria,AUT,1992,0,0
Austria,AUT,1993,0,0
Austria,AUT,1994,0,0
Austria,AUT,1995,0,0
Austria,AUT,1996,0,0
Austria,AUT,1997,0,0
Austria,AUT,1998,0,0
Austria,AUT,1999,0,0
Austria,AUT,2000,0,0
Austria,AUT,2001,0,0
Austria,AUT,2002,0,0
Austria,AUT,2003,0,0
Austria,AUT,2004,0,0
Austria,AUT,2005,0,0
Austria,AUT,2006,0,0
Austria,AUT,2007,0,0
Austria,AUT,2008,0,0
Austria,AUT,2009,0,0
Austria,AUT,2010,0,0
Austria,AUT,2011,0,0
Austria,AUT,2012,0,0
Austria,AUT,2013,2,2
Austria,AUT,2014,0,2
Austria,AUT,2015,0,2
Austria,AUT,2016,0,2
Austria,AUT,2017,1,3
Austria,AUT,2018,0,3
Austria,AUT,2019,0,3
Austria,AUT,2020,0,3
Austria,AUT,2021,0,3
Austria,AUT,2022,0,3
Austria,AUT,2023,1,4
Austria,AUT,2024,0,4
Austria,AUT,2025,0,4
Azerbaijan,AZE,1957,0,0
Azerbaijan,AZE,1958,0,0
Azerbaijan,AZE,1959,0,0
Azerbaijan,AZE,1960,0,0
Azerbaijan,AZE,1961,0,0
Azerbaijan,AZE,1962,0,0
Azerbaijan,AZE,1963,0,0
Azerbaijan,AZE,1964,0,0
Azerbaijan,AZE,1965,0,0
Azerbaijan,AZE,1966,0,0
Azerbaijan,AZE,1967,0,0
Azerbaijan,AZE,1968,0,0
Azerbaijan,AZE,1969,0,0
Azerbaijan,AZE,1970,0,0
Azerbaijan,AZE,1971,0,0
Azerbaijan,AZE,1972,0,0
Azerbaijan,AZE,1973,0,0
Azerbaijan,AZE,1974,0,0
Azerbaijan,AZE,1975,0,0
Azerbaijan,AZE,1976,0,0
Azerbaijan,AZE,1977,0,0
Azerbaijan,AZE,1978,0,0
Azerbaijan,AZE,1979,0,0
Azerbaijan,AZE,1980,0,0
Azerbaijan,AZE,1981,0,0
Azerbaijan,AZE,1982,0,0
Azerbaijan,AZE,1983,0,0
Azerbaijan,AZE,1984,0,0
Azerbaijan,AZE,1985,0,0
Azerbaijan,AZE,1986,0,0
Azerbaijan,AZE,1987,0,0
Azerbaijan,AZE,1988,0,0
Azerbaijan,AZE,1989,0,0
Azerbaijan,AZE,1990,0,0
Azerbaijan,AZE,1991,0,0
Azerbaijan,AZE,1992,0,0
Azerbaijan,AZE,1993,0,0
Azerbaijan,AZE,1994,0,0
Azerbaijan,AZE,1995,0,0
Azerbaijan,AZE,1996,0,0
Azerbaijan,AZE,1997,0,0
Azerbaijan,AZE,1998,0,0
Azerbaijan,AZE,1999,0,0
Azerbaijan,AZE,2000,0,0
Azerbaijan,AZE,2001,0,0
Azerbaijan,AZE,2002,0,0
Azerbaijan,AZE,2003,0,0
Azerbaijan,AZE,2004,0,0
Azerbaijan,AZE,2005,0,0
Azerbaijan,AZE,2006,0,0
Azerbaijan,AZE,2007,0,0
Azerbaijan,AZE,2008,0,0
Azerbaijan,AZE,2009,0,0
Azerbaijan,AZE,2010,0,0
Azerbaijan,AZE,2011,0,0
Azerbaijan,AZE,2012,0,0
Azerbaijan,AZE,2013,1,1
Azerbaijan,AZE,2014,1,2
Azerbaijan,AZE,2015,0,2
Azerbaijan,AZE,2016,0,2
Azerbaijan,AZE,2017,0,2
Azerbaijan,AZE,2018,1,3
Azerbaijan,AZE,2019,0,3
Azerbaijan,AZE,2020,0,3
Azerbaijan,AZE,2021,0,3
Azerbaijan,AZE,2022,0,3
Azerbaijan,AZE,2023,0,3
Azerbaijan,AZE,2024,0,3
Azerbaijan,AZE,2025,1,4
Bahrain,BHR,1957,0,0
Bahrain,BHR,1958,0,0
Bahrain,BHR,1959,0,0
Bahrain,BHR,1960,0,0
Bahrain,BHR,1961,0,0
Bahrain,BHR,1962,0,0
Bahrain,BHR,1963,0,0
Bahrain,BHR,1964,0,0
Bahrain,BHR,1965,0,0
Bahrain,BHR,1966,0,0
Bahrain,BHR,1967,0,0
Bahrain,BHR,1968,0,0
Bahrain,BHR,1969,0,0
Bahrain,BHR,1970,0,0
Bahrain,BHR,1971,0,0
Bahrain,BHR,1972,0,0
Bahrain,BHR,1973,0,0
Bahrain,BHR,1974,0,0
Bahrain,BHR,1975,0,0
Bahrain,BHR,1976,0,0
Bahrain,BHR,1977,0,0
Bahrain,BHR,1978,0,0
Bahrain,BHR,1979,0,0
Bahrain,BHR,1980,0,0
Bahrain,BHR,1981,0,0
Bahrain,BHR,1982,0,0
Bahrain,BHR,1983,0,0
Bahrain,BHR,1984,0,0
Bahrain,BHR,1985,0,0
Bahrain,BHR,1986,0,0
Bahrain,BHR,1987,0,0
Bahrain,BHR,1988,0,0
Bahrain,BHR,1989,0,0
Bahrain,BHR,1990,0,0
Bahrain,BHR,1991,0,0
Bahrain,BHR,1992,0,0
Bahrain,BHR,1993,0,0
Bahrain,BHR,1994,0,0
Bahrain,BHR,1995,0,0
Bahrain,BHR,1996,0,0
Bahrain,BHR,1997,0,0
Bahrain,BHR,1998,0,0
Bahrain,BHR,1999,0,0
Bahrain,BHR,2000,0,0
Bahrain,BHR,2001,0,0
Bahrain,BHR,2002,0,0
Bahrain,BHR,2003,0,0
Bahrain,BHR,2004,0,0
Bahrain,BHR,2005,0,0
Bahrain,BHR,2006,0,0
Bahrain,BHR,2007,0,0
Bahrain,BHR,2008,0,0
Bahrain,BHR,2009,0,0
Bahrain,BHR,2010,0,0
Bahrain,BHR,2011,0,0
Bahrain,BHR,2012,0,0
Bahrain,BHR,2013,0,0
Bahrain,BHR,2014,0,0
Bahrain,BHR,2015,0,0
Bahrain,BHR,2016,0,0
Bahrain,BHR,2017,0,0
Bahrain,BHR,2018,0,0
Bahrain,BHR,2019,0,0
Bahrain,BHR,2020,0,0
Bahrain,BHR,2021,0,0
Bahrain,BHR,2022,0,0
Bahrain,BHR,2023,0,0
Bahrain,BHR,2024,0,0
Bahrain,BHR,2025,1,1
Bangladesh,BGD,1957,0,0
Bangladesh,BGD,1958,0,0
Bangladesh,BGD,1959,0,0
Bangladesh,BGD,1960,0,0
Bangladesh,BGD,1961,0,0
Bangladesh,BGD,1962,0,0
Bangladesh,BGD,1963,0,0
Bangladesh,BGD,1964,0,0
Bangladesh,BGD,1965,0,0
Bangladesh,BGD,1966,0,0
Bangladesh,BGD,1967,0,0
Bangladesh,BGD,1968,0,0
Bangladesh,BGD,1969,0,0
Bangladesh,BGD,1970,0,0
Bangladesh,BGD,1971,0,0
Bangladesh,BGD,1972,0,0
Bangladesh,BGD,1973,0,0
Bangladesh,BGD,1974,0,0
Bangladesh,BGD,1975,0,0
Bangladesh,BGD,1976,0,0
Bangladesh,BGD,1977,0,0
Bangladesh,BGD,1978,0,0
Bangladesh,BGD,1979,0,0
Bangladesh,BGD,1980,0,0
Bangladesh,BGD,1981,0,0
Bangladesh,BGD,1982,0,0
Bangladesh,BGD,1983,0,0
Bangladesh,BGD,1984,0,0
Bangladesh,BGD,1985,0,0
Bangladesh,BGD,1986,0,0
Bangladesh,BGD,1987,0,0
Bangladesh,BGD,1988,0,0
Bangladesh,BGD,1989,0,0
Bangladesh,BGD,1990,0,0
Bangladesh,BGD,1991,0,0
Bangladesh,BGD,1992,0,0
Bangladesh,BGD,1993,0,0
Bangladesh,BGD,1994,0,0
Bangladesh,BGD,1995,0,0
Bangladesh,BGD,1996,0,0
Bangladesh,BGD,1997,0,0
Bangladesh,BGD,1998,0,0
Bangladesh,BGD,1999,0,0
Bangladesh,BGD,2000,0,0
Bangladesh,BGD,2001,0,0
Bangladesh,BGD,2002,0,0
Bangladesh,BGD,2003,0,0
Bangladesh,BGD,2004,0,0
Bangladesh,BGD,2005,0,0
Bangladesh,BGD,2006,0,0
Bangladesh,BGD,2007,0,0
Bangladesh,BGD,2008,0,0
Bangladesh,BGD,2009,0,0
Bangladesh,BGD,2010,0,0
Bangladesh,BGD,2011,0,0
Bangladesh,BGD,2012,0,0
Bangladesh,BGD,2013,0,0
Bangladesh,BGD,2014,0,0
Bangladesh,BGD,2015,0,0
Bangladesh,BGD,2016,0,0
Bangladesh,BGD,2017,1,1
Bangladesh,BGD,2018,1,2
Bangladesh,BGD,2019,0,2
Bangladesh,BGD,2020,0,2
Bangladesh,BGD,2021,0,2
Bangladesh,BGD,2022,0,2
Bangladesh,BGD,2023,0,2
Bangladesh,BGD,2024,0,2
Bangladesh,BGD,2025,0,2
Belarus,BLR,1957,0,0
Belarus,BLR,1958,0,0
Belarus,BLR,1959,0,0
Belarus,BLR,1960,0,0
Belarus,BLR,1961,0,0
Belarus,BLR,1962,0,0
Belarus,BLR,1963,0,0
Belarus,BLR,1964,0,0
Belarus,BLR,1965,0,0
Belarus,BLR,1966,0,0
Belarus,BLR,1967,0,0
Belarus,BLR,1968,0,0
Belarus,BLR,1969,0,0
Belarus,BLR,1970,0,0
Belarus,BLR,1971,0,0
Belarus,BLR,1972,0,0
Belarus,BLR,1973,0,0
Belarus,BLR,1974,0,0
Belarus,BLR,1975,0,0
Belarus,BLR,1976,0,0
Belarus,BLR,1977,0,0
Belarus,BLR,1978,0,0
Belarus,BLR,1979,0,0
Belarus,BLR,1980,0,0
Belarus,BLR,1981,0,0
Belarus,BLR,1982,0,0
Belarus,BLR,1983,0,0
Belarus,BLR,1984,0,0
Belarus,BLR,1985,0,0
Belarus,BLR,1986,0,0
Belarus,BLR,1987,0,0
Belarus,BLR,1988,0,0
Belarus,BLR,1989,0,0
Belarus,BLR,1990,0,0
Belarus,BLR,1991,0,0
Belarus,BLR,1992,0,0
Belarus,BLR,1993,0,0
Belarus,BLR,1994,0,0
Belarus,BLR,1995,0,0
Belarus,BLR,1996,0,0
Belarus,BLR,1997,0,0
Belarus,BLR,1998,0,0
Belarus,BLR,1999,0,0
Belarus,BLR,2000,0,0
Belarus,BLR,2001,0,0
Belarus,BLR,2002,0,0
Belarus,BLR,2003,0,0
Belarus,BLR,2004,0,0
Belarus,BLR,2005,0,0
Belarus,BLR,2006,0,0
Belarus,BLR,2007,0,0
Belarus,BLR,2008,0,0
Belarus,BLR,2009,0,0
Belarus,BLR,2010,0,0
Belarus,BLR,2011,0,0
Belarus,BLR,2012,1,1
Belarus,BLR,2013,0,1
Belarus,BLR,2014,0,1
Belarus,BLR,2015,0,1
Belarus,BLR,2016,1,2
Belarus,BLR,2017,0,2
Belarus,BLR,2018,1,3
Belarus,BLR,2019,0,3
Belarus,BLR,2020,0,3
Belarus,BLR,2021,0,3
Belarus,BLR,2022,0,3
Belarus,BLR,2023,1,4
Belarus,BLR,2024,0,4
Belarus,BLR,2025,2,6
Belgium,BEL,1957,0,0
Belgium,BEL,1958,0,0
Belgium,BEL,1959,0,0
Belgium,BEL,1960,0,0
Belgium,BEL,1961,0,0
Belgium,BEL,1962,0,0
Belgium,BEL,1963,0,0
Belgium,BEL,1964,0,0
Belgium,BEL,1965,0,0
Belgium,BEL,1966,0,0
Belgium,BEL,1967,0,0
Belgium,BEL,1968,0,0
Belgium,BEL,1969,0,0
Belgium,BEL,1970,0,0
Belgium,BEL,1971,0,0
Belgium,BEL,1972,0,0
Belgium,BEL,1973,0,0
Belgium,BEL,1974,0,0
Belgium,BEL,1975,0,0
Belgium,BEL,1976,0,0
Belgium,BEL,1977,0,0
Belgium,BEL,1978,0,0
Belgium,BEL,1979,0,0
Belgium,BEL,1980,0,0
Belgium,BEL,1981,0,0
Belgium,BEL,1982,0,0
Belgium,BEL,1983,0,0
Belgium,BEL,1984,0,0
Belgium,BEL,1985,0,0
Belgium,BEL,1986,0,0
Belgium,BEL,1987,0,0
Belgium,BEL,1988,0,0
Belgium,BEL,1989,0,0
Belgium,BEL,1990,0,0
Belgium,BEL,1991,0,0
Belgium,BEL,1992,0,0
Belgium,BEL,1993,0,0
Belgium,BEL,1994,0,0
Belgium,BEL,1995,0,0
Belgium,BEL,1996,0,0
Belgium,BEL,1997,0,0
Belgium,BEL,1998,0,0
Belgium,BEL,1999,0,0
Belgium,BEL,2000,0,0
Belgium,BEL,2001,0,0
Belgium,BEL,2002,0,0
Belgium,BEL,2003,0,0
Belgium,BEL,2004,0,0
Belgium,BEL,2005,0,0
Belgium,BEL,2006,0,0
Belgium,BEL,2007,0,0
Belgium,BEL,2008,0,0
Belgium,BEL,2009,0,0
Belgium,BEL,2010,0,0
Belgium,BEL,2011,0,0
Belgium,BEL,2012,0,0
Belgium,BEL,2013,0,0
Belgium,BEL,2014,3,3
Belgium,BEL,2015,0,3
Belgium,BEL,2016,1,4
Belgium,BEL,2017,28,32
Belgium,BEL,2018,0,32
Belgium,BEL,2019,0,32
Belgium,BEL,2020,3,35
Belgium,BEL,2021,1,36
Belgium,BEL,2022,0,36
Belgium,BEL,2023,3,39
Belgium,BEL,2024,4,43
Belgium,BEL,2025,1,44
Bhutan,BTN,1957,0,0
Bhutan,BTN,1958,0,0
Bhutan,BTN,1959,0,0
Bhutan,BTN,1960,0,0
Bhutan,BTN,1961,0,0
Bhutan,BTN,1962,0,0
Bhutan,BTN,1963,0,0
Bhutan,BTN,1964,0,0
Bhutan,BTN,1965,0,0
Bhutan,BTN,1966,0,0
Bhutan,BTN,1967,0,0
Bhutan,BTN,1968,0,0
Bhutan,BTN,1969,0,0
Bhutan,BTN,1970,0,0
Bhutan,BTN,1971,0,0
Bhutan,BTN,1972,0,0
Bhutan,BTN,1973,0,0
Bhutan,BTN,1974,0,0
Bhutan,BTN,1975,0,0
Bhutan,BTN,1976,0,0
Bhutan,BTN,1977,0,0
Bhutan,BTN,1978,0,0
Bhutan,BTN,1979,0,0
Bhutan,BTN,1980,0,0
Bhutan,BTN,1981,0,0
Bhutan,BTN,1982,0,0
Bhutan,BTN,1983,0,0
Bhutan,BTN,1984,0,0
Bhutan,BTN,1985,0,0
Bhutan,BTN,1986,0,0
Bhutan,BTN,1987,0,0
Bhutan,BTN,1988,0,0
Bhutan,BTN,1989,0,0
Bhutan,BTN,1990,0,0
Bhutan,BTN,1991,0,0
Bhutan,BTN,1992,0,0
Bhutan,BTN,1993,0,0
Bhutan,BTN,1994,0,0
Bhutan,BTN,1995,0,0
Bhutan,BTN,1996,0,0
Bhutan,BTN,1997,0,0
Bhutan,BTN,1998,0,0
Bhutan,BTN,1999,0,0
Bhutan,BTN,2000,0,0
Bhutan,BTN,2001,0,0
Bhutan,BTN,2002,0,0
Bhutan,BTN,2003,0,0
Bhutan,BTN,2004,0,0
Bhutan,BTN,2005,0,0
Bhutan,BTN,2006,0,0
Bhutan,BTN,2007,0,0
Bhutan,BTN,2008,0,0
Bhutan,BTN,2009,0,0
Bhutan,BTN,2010,0,0
Bhutan,BTN,2011,0,0
Bhutan,BTN,2012,0,0
Bhutan,BTN,2013,0,0
Bhutan,BTN,2014,0,0
Bhutan,BTN,2015,0,0
Bhutan,BTN,2016,0,0
Bhutan,BTN,2017,0,0
Bhutan,BTN,2018,1,1
Bhutan,BTN,2019,0,1
Bhutan,BTN,2020,0,1
Bhutan,BTN,2021,0,1
Bhutan,BTN,2022,0,1
Bhutan,BTN,2023,0,1
Bhutan,BTN,2024,0,1
Bhutan,BTN,2025,0,1
Bolivia,BOL,1957,0,0
Bolivia,BOL,1958,0,0
Bolivia,BOL,1959,0,0
Bolivia,BOL,1960,0,0
Bolivia,BOL,1961,0,0
Bolivia,BOL,1962,0,0
Bolivia,BOL,1963,0,0
Bolivia,BOL,1964,0,0
Bolivia,BOL,1965,0,0
Bolivia,BOL,1966,0,0
Bolivia,BOL,1967,0,0
Bolivia,BOL,1968,0,0
Bolivia,BOL,1969,0,0
Bolivia,BOL,1970,0,0
Bolivia,BOL,1971,0,0
Bolivia,BOL,1972,0,0
Bolivia,BOL,1973,0,0
Bolivia,BOL,1974,0,0
Bolivia,BOL,1975,0,0
Bolivia,BOL,1976,0,0
Bolivia,BOL,1977,0,0
Bolivia,BOL,1978,0,0
Bolivia,BOL,1979,0,0
Bolivia,BOL,1980,0,0
Bolivia,BOL,1981,0,0
Bolivia,BOL,1982,0,0
Bolivia,BOL,1983,0,0
Bolivia,BOL,1984,0,0
Bolivia,BOL,1985,0,0
Bolivia,BOL,1986,0,0
Bolivia,BOL,1987,0,0
Bolivia,BOL,1988,0,0
Bolivia,BOL,1989,0,0
Bolivia,BOL,1990,0,0
Bolivia,BOL,1991,0,0
Bolivia,BOL,1992,0,0
Bolivia,BOL,1993,0,0
Bolivia,BOL,1994,0,0
Bolivia,BOL,1995,0,0
Bolivia,BOL,1996,0,0
Bolivia,BOL,1997,0,0
Bolivia,BOL,1998,0,0
Bolivia,BOL,1999,0,0
Bolivia,BOL,2000,0,0
Bolivia,BOL,2001,0,0
Bolivia,BOL,2002,0,0
Bolivia,BOL,2003,0,0
Bolivia,BOL,2004,0,0
Bolivia,BOL,2005,0,0
Bolivia,BOL,2006,0,0
Bolivia,BOL,2007,0,0
Bolivia,BOL,2008,0,0
Bolivia,BOL,2009,0,0
Bolivia,BOL,2010,0,0
Bolivia,BOL,2011,0,0
Bolivia,BOL,2012,0,0
Bolivia,BOL,2013,1,1
Bolivia,BOL,2014,0,1
Bolivia,BOL,2015,0,1
Bolivia,BOL,2016,0,1
Bolivia,BOL,2017,0,1
Bolivia,BOL,2018,0,1
Bolivia,BOL,2019,0,1
Bolivia,BOL,2020,0,1
Bolivia,BOL,2021,0,1
Bolivia,BOL,2022,0,1
Bolivia,BOL,2023,0,1
Bolivia,BOL,2024,0,1
Bolivia,BOL,2025,0,1
Botswana,BWA,1957,0,0
Botswana,BWA,1958,0,0
Botswana,BWA,1959,0,0
Botswana,BWA,1960,0,0
Botswana,BWA,1961,0,0
Botswana,BWA,1962,0,0
Botswana,BWA,1963,0,0
Botswana,BWA,1964,0,0
Botswana,BWA,1965,0,0
Botswana,BWA,1966,0,0
Botswana,BWA,1967,0,0
Botswana,BWA,1968,0,0
Botswana,BWA,1969,0,0
Botswana,BWA,1970,0,0
Botswana,BWA,1971,0,0
Botswana,BWA,1972,0,0
Botswana,BWA,1973,0,0
Botswana,BWA,1974,0,0
Botswana,BWA,1975,0,0
Botswana,BWA,1976,0,0
Botswana,BWA,1977,0,0
Botswana,BWA,1978,0,0
Botswana,BWA,1979,0,0
Botswana,BWA,1980,0,0
Botswana,BWA,1981,0,0
Botswana,BWA,1982,0,0
Botswana,BWA,1983,0,0
Botswana,BWA,1984,0,0
Botswana,BWA,1985,0,0
Botswana,BWA,1986,0,0
Botswana,BWA,1987,0,0
Botswana,BWA,1988,0,0
Botswana,BWA,1989,0,0
Botswana,BWA,1990,0,0
Botswana,BWA,1991,0,0
Botswana,BWA,1992,0,0
Botswana,BWA,1993,0,0
Botswana,BWA,1994,0,0
Botswana,BWA,1995,0,0
Botswana,BWA,1996,0,0
Botswana,BWA,1997,0,0
Botswana,BWA,1998,0,0
Botswana,BWA,1999,0,0
Botswana,BWA,2000,0,0
Botswana,BWA,2001,0,0
Botswana,BWA,2002,0,0
Botswana,BWA,2003,0,0
Botswana,BWA,2004,0,0
Botswana,BWA,2005,0,0
Botswana,BWA,2006,0,0
Botswana,BWA,2007,0,0
Botswana,BWA,2008,0,0
Botswana,BWA,2009,0,0
Botswana,BWA,2010,0,0
Botswana,BWA,2011,0,0
Botswana,BWA,2012,0,0
Botswana,BWA,2013,0,0
Botswana,BWA,2014,0,0
Botswana,BWA,2015,0,0
Botswana,BWA,2016,0,0
Botswana,BWA,2017,0,0
Botswana,BWA,2018,0,0
Botswana,BWA,2019,0,0
Botswana,BWA,2020,0,0
Botswana,BWA,2021,0,0
Botswana,BWA,2022,0,0
Botswana,BWA,2023,0,0
Botswana,BWA,2024,0,0
Botswana,BWA,2025,1,1
Brazil,BRA,1957,0,0
Brazil,BRA,1958,0,0
Brazil,BRA,1959,0,0
Brazil,BRA,1960,0,0
Brazil,BRA,1961,0,0
Brazil,BRA,1962,0,0
Brazil,BRA,1963,0,0
Brazil,BRA,1964,0,0
Brazil,BRA,1965,0,0
Brazil,BRA,1966,0,0
Brazil,BRA,1967,0,0
Brazil,BRA,1968,0,0
Brazil,BRA,1969,0,0
Brazil,BRA,1970,0,0
Brazil,BRA,1971,0,0
Brazil,BRA,1972,0,0
Brazil,BRA,1973,0,0
Brazil,BRA,1974,0,0
Brazil,BRA,1975,0,0
Brazil,BRA,1976,0,0
Brazil,BRA,1977,0,0
Brazil,BRA,1978,0,0
Brazil,BRA,1979,0,0
Brazil,BRA,1980,0,0
Brazil,BRA,1981,0,0
Brazil,BRA,1982,0,0
Brazil,BRA,1983,0,0
Brazil,BRA,1984,0,0
Brazil,BRA,1985,1,1
Brazil,BRA,1986,1,2
Brazil,BRA,1987,0,2
Brazil,BRA,1988,0,2
Brazil,BRA,1989,0,2
Brazil,BRA,1990,1,3
Brazil,BRA,1991,0,3
Brazil,BRA,1992,0,3
Brazil,BRA,1993,1,4
Brazil,BRA,1994,1,5
Brazil,BRA,1995,1,6
Brazil,BRA,1996,0,6
Brazil,BRA,1997,0,6
Brazil,BRA,1998,2,8
Brazil,BRA,1999,4,12
Brazil,BRA,2000,1,13
Brazil,BRA,2001,0,13
Brazil,BRA,2002,0,13
Brazil,BRA,2003,0,13
Brazil,BRA,2004,2,15
Brazil,BRA,2005,0,15
Brazil,BRA,2006,0,15
Brazil,BRA,2007,1,16
Brazil,BRA,2008,1,17
Brazil,BRA,2009,1,18
Brazil,BRA,2010,0,18
Brazil,BRA,2011,1,19
Brazil,BRA,2012,1,20
Brazil,BRA,2013,1,21
Brazil,BRA,2014,2,23
Brazil,BRA,2015,3,26
Brazil,BRA,2016,1,27
Brazil,BRA,2017,4,31
Brazil,BRA,2018,3,34
Brazil,BRA,2019,2,36
Brazil,BRA,2020,0,36
Brazil,BRA,2021,3,39
Brazil,BRA,2022,5,44
Brazil,BRA,2023,2,46
Brazil,BRA,2024,2,48
Brazil,BRA,2025,0,48
Bulgaria,BGR,1957,0,0
Bulgaria,BGR,1958,0,0
Bulgaria,BGR,1959,0,0
Bulgaria,BGR,1960,0,0
Bulgaria,BGR,1961,0,0
Bulgaria,BGR,1962,0,0
Bulgaria,BGR,1963,0,0
Bulgaria,BGR,1964,0,0
Bulgaria,BGR,1965,0,0
Bulgaria,BGR,1966,0,0
Bulgaria,BGR,1967,0,0
Bulgaria,BGR,1968,0,0
Bulgaria,BGR,1969,0,0
Bulgaria,BGR,1970,0,0
Bulgaria,BGR,1971,0,0
Bulgaria,BGR,1972,0,0
Bulgaria,BGR,1973,0,0
Bulgaria,BGR,1974,0,0
Bulgaria,BGR,1975,0,0
Bulgaria,BGR,1976,0,0
Bulgaria,BGR,1977,0,0
Bulgaria,BGR,1978,0,0
Bulgaria,BGR,1979,0,0
Bulgaria,BGR,1980,0,0
Bulgaria,BGR,1981,0,0
Bulgaria,BGR,1982,0,0
Bulgaria,BGR,1983,0,0
Bulgaria,BGR,1984,0,0
Bulgaria,BGR,1985,0,0
Bulgaria,BGR,1986,0,0
Bulgaria,BGR,1987,0,0
Bulgaria,BGR,1988,0,0
Bulgaria,BGR,1989,0,0
Bulgaria,BGR,1990,0,0
Bulgaria,BGR,1991,0,0
Bulgaria,BGR,1992,0,0
Bulgaria,BGR,1993,0,0
Bulgaria,BGR,1994,0,0
Bulgaria,BGR,1995,0,0
Bulgaria,BGR,1996,0,0
Bulgaria,BGR,1997,0,0
Bulgaria,BGR,1998,0,0
Bulgaria,BGR,1999,0,0
Bulgaria,BGR,2000,0,0
Bulgaria,BGR,2001,0,0
Bulgaria,BGR,2002,0,0
Bulgaria,BGR,2003,0,0
Bulgaria,BGR,2004,0,0
Bulgaria,BGR,2005,0,0
Bulgaria,BGR,2006,0,0
Bulgaria,BGR,2007,0,0
Bulgaria,BGR,2008,0,0
Bulgaria,BGR,2009,0,0
Bulgaria,BGR,2010,0,0
Bulgaria,BGR,2011,0,0
Bulgaria,BGR,2012,0,0
Bulgaria,BGR,2013,0,0
Bulgaria,BGR,2014,0,0
Bulgaria,BGR,2015,0,0
Bulgaria,BGR,2016,0,0
Bulgaria,BGR,2017,1,1
Bulgaria,BGR,2018,1,2
Bulgaria,BGR,2019,0,2
Bulgaria,BGR,2020,0,2
Bulgaria,BGR,2021,1,3
Bulgaria,BGR,2022,1,4
Bulgaria,BGR,2023,1,5
Bulgaria,BGR,2024,0,5
Bulgaria,BGR,2025,2,7
Canada,CAN,1957,0,0
Canada,CAN,1958,0,0
Canada,CAN,1959,0,0
Canada,CAN,1960,0,0
Canada,CAN,1961,0,0
Canada,CAN,1962,1,1
Canada,CAN,1963,0,1
Canada,CAN,1964,0,1
Canada,CAN,1965,1,2
Canada,CAN,1966,0,2
Canada,CAN,1967,0,2
Canada,CAN,1968,0,2
Canada,CAN,1969,1,3
Canada,CAN,1970,0,3
Canada,CAN,1971,1,4
Canada,CAN,1972,2,6
Canada,CAN,1973,2,8
Canada,CAN,1974,0,8
Canada,CAN,1975,1,9
Canada,CAN,1976,1,10
Canada,CAN,1977,0,10
Canada,CAN,1978,1,11
Canada,CAN,1979,0,11
Canada,CAN,1980,0,11
Canada,CAN,1981,0,11
Canada,CAN,1982,2,13
Canada,CAN,1983,1,14
Canada,CAN,1984,1,15
Canada,CAN,1985,1,16
Canada,CAN,1986,0,16
Canada,CAN,1987,0,16
Canada,CAN,1988,0,16
Canada,CAN,1989,0,16
Canada,CAN,1990,0,16
Canada,CAN,1991,2,18
Canada,CAN,1992,1,19
Canada,CAN,1993,0,19
Canada,CAN,1994,0,19
Canada,CAN,1995,1,20
Canada,CAN,1996,1,21
Canada,CAN,1997,0,21
Canada,CAN,1998,0,21
Canada,CAN,1999,1,22
Canada,CAN,2000,1,23
Canada,CAN,2001,1,24
Canada,CAN,2002,2,26
Canada,CAN,2003,3,29
Canada,CAN,2004,1,30
Canada,CAN,2005,1,31
Canada,CAN,2006,0,31
Canada,CAN,2007,2,33
Canada,CAN,2008,5,38
Canada,CAN,2009,2,40
Canada,CAN,2010,0,40
Canada,CAN,2011,2,42
Canada,CAN,2012,2,44
Canada,CAN,2013,4,48
Canada,CAN,2014,4,52
Canada,CAN,2015,2,54
Canada,CAN,2016,3,57
Canada,CAN,2017,0,57
Canada,CAN,2018,5,62
Canada,CAN,2019,3,65
Canada,CAN,2020,6,71
Canada,CAN,2021,11,82
Canada,CAN,2022,9,91
Canada,CAN,2023,18,109
Canada,CAN,2024,3,112
Canada,CAN,2025,6,118
Chile,CHL,1957,0,0
Chile,CHL,1958,0,0
Chile,CHL,1959,0,0
Chile,CHL,1960,0,0
Chile,CHL,1961,0,0
Chile,CHL,1962,0,0
Chile,CHL,1963,0,0
Chile,CHL,1964,0,0
Chile,CHL,1965,0,0
Chile,CHL,1966,0,0
Chile,CHL,1967,0,0
Chile,CHL,1968,0,0
Chile,CHL,1969,0,0
Chile,CHL,1970,0,0
Chile,CHL,1971,0,0
Chile,CHL,1972,0,0
Chile,CHL,1973,0,0
Chile,CHL,1974,0,0
Chile,CHL,1975,0,0
Chile,CHL,1976,0,0
Chile,CHL,1977,0,0
Chile,CHL,1978,0,0
Chile,CHL,1979,0,0
Chile,CHL,1980,0,0
Chile,CHL,1981,0,0
Chile,CHL,1982,0,0
Chile,CHL,1983,0,0
Chile,CHL,1984,0,0
Chile,CHL,1985,0,0
Chile,CHL,1986,0,0
Chile,CHL,1987,0,0
Chile,CHL,1988,0,0
Chile,CHL,1989,0,0
Chile,CHL,1990,0,0
Chile,CHL,1991,0,0
Chile,CHL,1992,0,0
Chile,CHL,1993,0,0
Chile,CHL,1994,0,0
Chile,CHL,1995,1,1
Chile,CHL,1996,0,1
Chile,CHL,1997,0,1
Chile,CHL,1998,1,2
Chile,CHL,1999,0,2
Chile,CHL,2000,0,2
Chile,CHL,2001,0,2
Chile,CHL,2002,0,2
Chile,CHL,2003,0,2
Chile,CHL,2004,0,2
Chile,CHL,2005,0,2
Chile,CHL,2006,0,2
Chile,CHL,2007,0,2
Chile,CHL,2008,0,2
Chile,CHL,2009,0,2
Chile,CHL,2010,0,2
Chile,CHL,2011,1,3
Chile,CHL,2012,0,3
Chile,CHL,2013,0,3
Chile,CHL,2014,0,3
Chile,CHL,2015,0,3
Chile,CHL,2016,0,3
Chile,CHL,2017,1,4
Chile,CHL,2018,0,4
Chile,CHL,2019,0,4
Chile,CHL,2020,0,4
Chile,CHL,2021,0,4
Chile,CHL,2022,3,7
Chile,CHL,2023,0,7
Chile,CHL,2024,1,8
Chile,CHL,2025,0,8
China,CHN,1957,0,0
China,CHN,1958,0,0
China,CHN,1959,0,0
China,CHN,1960,0,0
China,CHN,1961,0,0
China,CHN,1962,0,0
China,CHN,1963,0,0
China,CHN,1964,0,0
China,CHN,1965,0,0
China,CHN,1966,0,0
China,CHN,1967,0,0
China,CHN,1968,0,0
China,CHN,1969,0,0
China,CHN,1970,1,1
China,CHN,1971,1,2
China,CHN,1972,0,2
China,CHN,1973,0,2
China,CHN,1974,1,3
China,CHN,1975,3,6
China,CHN,1976,2,8
China,CHN,1977,0,8
China,CHN,1978,1,9
China,CHN,1979,0,9
China,CHN,1980,0,9
China,CHN,1981,3,12
China,CHN,1982,1,13
China,CHN,1983,1,14
China,CHN,1984,3,17
China,CHN,1985,1,18
China,CHN,1986,2,20
China,CHN,1987,2,22
China,CHN,1988,4,26
China,CHN,1989,0,26
China,CHN,1990,6,32
China,CHN,1991,1,33
China,CHN,1992,2,35
China,CHN,1993,1,36
China,CHN,1994,5,41
China,CHN,1995,1,42
China,CHN,1996,3,45
China,CHN,1997,7,52
China,CHN,1998,10,62
China,CHN,1999,10,72
China,CHN,2000,6,78
China,CHN,2001,2,80
China,CHN,2002,7,87
China,CHN,2003,9,96
China,CHN,2004,10,106
China,CHN,2005,7,113
China,CHN,2006,8,121
China,CHN,2007,10,131
China,CHN,2008,17,148
China,CHN,2009,8,156
China,CHN,2010,20,176
China,CHN,2011,20,196
China,CHN,2012,26,222
China,CHN,2013,19,241
China,CHN,2014,25,266
China,CHN,2015,38,304
China,CHN,2016,38,342
China,CHN,2017,31,373
China,CHN,2018,95,468
China,CHN,2019,76,544
China,CHN,2020,73,617
China,CHN,2021,110,727
China,CHN,2022,182,909
China,CHN,2023,210,1119
China,CHN,2024,266,1385
China,CHN,2025,374,1759
Colombia,COL,1957,0,0
Colombia,COL,1958,0,0
Colombia,COL,1959,0,0
Colombia,COL,1960,0,0
Colombia,COL,1961,0,0
Colombia,COL,1962,0,0
Colombia,COL,1963,0,0
Colombia,COL,1964,0,0
Colombia,COL,1965,0,0
Colombia,COL,1966,0,0
Colombia,COL,1967,0,0
Colombia,COL,1968,0,0
Colombia,COL,1969,0,0
Colombia,COL,1970,0,0
Colombia,COL,1971,0,0
Colombia,COL,1972,0,0
Colombia,COL,1973,0,0
Colombia,COL,1974,0,0
Colombia,COL,1975,0,0
Colombia,COL,1976,0,0
Colombia,COL,1977,0,0
Colombia,COL,1978,0,0
Colombia,COL,1979,0,0
Colombia,COL,1980,0,0
Colombia,COL,1981,0,0
Colombia,COL,1982,0,0
Colombia,COL,1983,0,0
Colombia,COL,1984,0,0
Colombia,COL,1985,0,0
Colombia,COL,1986,0,0
Colombia,COL,1987,0,0
Colombia,COL,1988,0,0
Colombia,COL,1989,0,0
Colombia,COL,1990,0,0
Colombia,COL,1991,0,0
Colombia,COL,1992,0,0
Colombia,COL,1993,0,0
Colombia,COL,1994,0,0
Colombia,COL,1995,0,0
Colombia,COL,1996,0,0
Colombia,COL,1997,0,0
Colombia,COL,1998,0,0
Colombia,COL,1999,0,0
Colombia,COL,2000,0,0
Colombia,COL,2001,0,0
Colombia,COL,2002,0,0
Colombia,COL,2003,0,0
Colombia,COL,2004,0,0
Colombia,COL,2005,0,0
Colombia,COL,2006,0,0
Colombia,COL,2007,1,1
Colombia,COL,2008,0,1
Colombia,COL,2009,0,1
Colombia,COL,2010,0,1
Colombia,COL,2011,0,1
Colombia,COL,2012,0,1
Colombia,COL,2013,0,1
Colombia,COL,2014,0,1
Colombia,COL,2015,0,1
Colombia,COL,2016,0,1
Colombia,COL,2017,0,1
Colombia,COL,2018,1,2
Colombia,COL,2019,0,2
Colombia,COL,2020,0,2
Colombia,COL,2021,0,2
Colombia,COL,2022,0,2
Colombia,COL,2023,1,3
Colombia,COL,2024,0,3
Colombia,COL,2025,0,3
Costa Rica,CRI,1957,0,0
Costa Rica,CRI,1958,0,0
Costa Rica,CRI,1959,0,0
Costa Rica,CRI,1960,0,0
Costa Rica,CRI,1961,0,0
Costa Rica,CRI,1962,0,0
Costa Rica,CRI,1963,0,0
Costa Rica,CRI,1964,0,0
Costa Rica,CRI,1965,0,0
Costa Rica,CRI,1966,0,0
Costa Rica,CRI,1967,0,0
Costa Rica,CRI,1968,0,0
Costa Rica,CRI,1969,0,0
Costa Rica,CRI,1970,0,0
Costa Rica,CRI,1971,0,0
Costa Rica,CRI,1972,0,0
Costa Rica,CRI,1973,0,0
Costa Rica,CRI,1974,0,0
Costa Rica,CRI,1975,0,0
Costa Rica,CRI,1976,0,0
Costa Rica,CRI,1977,0,0
Costa Rica,CRI,1978,0,0
Costa Rica,CRI,1979,0,0
Costa Rica,CRI,1980,0,0
Costa Rica,CRI,1981,0,0
Costa Rica,CRI,1982,0,0
Costa Rica,CRI,1983,0,0
Costa Rica,CRI,1984,0,0
Costa Rica,CRI,1985,0,0
Costa Rica,CRI,1986,0,0
Costa Rica,CRI,1987,0,0
Costa Rica,CRI,1988,0,0
Costa Rica,CRI,1989,0,0
Costa Rica,CRI,1990,0,0
Costa Rica,CRI,1991,0,0
Costa Rica,CRI,1992,0,0
Costa Rica,CRI,1993,0,0
Costa Rica,CRI,1994,0,0
Costa Rica,CRI,1995,0,0
Costa Rica,CRI,1996,0,0
Costa Rica,CRI,1997,0,0
Costa Rica,CRI,1998,0,0
Costa Rica,CRI,1999,0,0
Costa Rica,CRI,2000,0,0
Costa Rica,CRI,2001,0,0
Costa Rica,CRI,2002,0,0
Costa Rica,CRI,2003,0,0
Costa Rica,CRI,2004,0,0
Costa Rica,CRI,2005,0,0
Costa Rica,CRI,2006,0,0
Costa Rica,CRI,2007,0,0
Costa Rica,CRI,2008,0,0
Costa Rica,CRI,2009,0,0
Costa Rica,CRI,2010,0,0
Costa Rica,CRI,2011,0,0
Costa Rica,CRI,2012,0,0
Costa Rica,CRI,2013,0,0
Costa Rica,CRI,2014,0,0
Costa Rica,CRI,2015,0,0
Costa Rica,CRI,2016,0,0
Costa Rica,CRI,2017,0,0
Costa Rica,CRI,2018,1,1
Costa Rica,CRI,2019,0,1
Costa Rica,CRI,2020,0,1
Costa Rica,CRI,2021,0,1
Costa Rica,CRI,2022,0,1
Costa Rica,CRI,2023,0,1
Costa Rica,CRI,2024,0,1
Costa Rica,CRI,2025,0,1
Croatia,HRV,1957,0,0
Croatia,HRV,1958,0,0
Croatia,HRV,1959,0,0
Croatia,HRV,1960,0,0
Croatia,HRV,1961,0,0
Croatia,HRV,1962,0,0
Croatia,HRV,1963,0,0
Croatia,HRV,1964,0,0
Croatia,HRV,1965,0,0
Croatia,HRV,1966,0,0
Croatia,HRV,1967,0,0
Croatia,HRV,1968,0,0
Croatia,HRV,1969,0,0
Croatia,HRV,1970,0,0
Croatia,HRV,1971,0,0
Croatia,HRV,1972,0,0
Croatia,HRV,1973,0,0
Croatia,HRV,1974,0,0
Croatia,HRV,1975,0,0
Croatia,HRV,1976,0,0
Croatia,HRV,1977,0,0
Croatia,HRV,1978,0,0
Croatia,HRV,1979,0,0
Croatia,HRV,1980,0,0
Croatia,HRV,1981,0,0
Croatia,HRV,1982,0,0
Croatia,HRV,1983,0,0
Croatia,HRV,1984,0,0
Croatia,HRV,1985,0,0
Croatia,HRV,1986,0,0
Croatia,HRV,1987,0,0
Croatia,HRV,1988,0,0
Croatia,HRV,1989,0,0
Croatia,HRV,1990,0,0
Croatia,HRV,1991,0,0
Croatia,HRV,1992,0,0
Croatia,HRV,1993,0,0
Croatia,HRV,1994,0,0
Croatia,HRV,1995,0,0
Croatia,HRV,1996,0,0
Croatia,HRV,1997,0,0
Croatia,HRV,1998,0,0
Croatia,HRV,1999,0,0
Croatia,HRV,2000,0,0
Croatia,HRV,2001,0,0
Croatia,HRV,2002,0,0
Croatia,HRV,2003,0,0
Croatia,HRV,2004,0,0
Croatia,HRV,2005,0,0
Croatia,HRV,2006,0,0
Croatia,HRV,2007,0,0
Croatia,HRV,2008,0,0
Croatia,HRV,2009,0,0
Croatia,HRV,2010,0,0
Croatia,HRV,2011,0,0
Croatia,HRV,2012,0,0
Croatia,HRV,2013,0,0
Croatia,HRV,2014,0,0
Croatia,HRV,2015,0,0
Croatia,HRV,2016,0,0
Croatia,HRV,2017,0,0
Croatia,HRV,2018,0,0
Croatia,HRV,2019,0,0
Croatia,HRV,2020,0,0
Croatia,HRV,2021,0,0
Croatia,HRV,2022,0,0
Croatia,HRV,2023,0,0
Croatia,HRV,2024,1,1
Croatia,HRV,2025,0,1
Czechia,CZE,1957,0,0
Czechia,CZE,1958,0,0
Czechia,CZE,1959,0,0
Czechia,CZE,1960,0,0
Czechia,CZE,1961,0,0
Czechia,CZE,1962,0,0
Czechia,CZE,1963,0,0
Czechia,CZE,1964,0,0
Czechia,CZE,1965,0,0
Czechia,CZE,1966,0,0
Czechia,CZE,1967,0,0
Czechia,CZE,1968,0,0
Czechia,CZE,1969,0,0
Czechia,CZE,1970,0,0
Czechia,CZE,1971,0,0
Czechia,CZE,1972,0,0
Czechia,CZE,1973,0,0
Czechia,CZE,1974,0,0
Czechia,CZE,1975,0,0
Czechia,CZE,1976,0,0
Czechia,CZE,1977,0,0
Czechia,CZE,1978,1,1
Czechia,CZE,1979,0,1
Czechia,CZE,1980,0,1
Czechia,CZE,1981,0,1
Czechia,CZE,1982,0,1
Czechia,CZE,1983,0,1
Czechia,CZE,1984,0,1
Czechia,CZE,1985,0,1
Czechia,CZE,1986,0,1
Czechia,CZE,1987,0,1
Czechia,CZE,1988,0,1
Czechia,CZE,1989,1,2
Czechia,CZE,1990,0,2
Czechia,CZE,1991,1,3
Czechia,CZE,1992,0,3
Czechia,CZE,1993,0,3
Czechia,CZE,1994,0,3
Czechia,CZE,1995,1,4
Czechia,CZE,1996,1,5
Czechia,CZE,1997,0,5
Czechia,CZE,1998,0,5
Czechia,CZE,1999,0,5
Czechia,CZE,2000,0,5
Czechia,CZE,2001,0,5
Czechia,CZE,2002,0,5
Czechia,CZE,2003,1,6
Czechia,CZE,2004,0,6
Czechia,CZE,2005,0,6
Czechia,CZE,2006,0,6
Czechia,CZE,2007,0,6
Czechia,CZE,2008,0,6
Czechia,CZE,2009,0,6
Czechia,CZE,2010,0,6
Czechia,CZE,2011,0,6
Czechia,CZE,2012,0,6
Czechia,CZE,2013,0,6
Czechia,CZE,2014,0,6
Czechia,CZE,2015,0,6
Czechia,CZE,2016,0,6
Czechia,CZE,2017,0,6
Czechia,CZE,2018,0,6
Czechia,CZE,2019,1,7
Czechia,CZE,2020,0,7
Czechia,CZE,2021,0,7
Czechia,CZE,2022,3,10
Czechia,CZE,2023,1,11
Czechia,CZE,2024,1,12
Czechia,CZE,2025,3,15
Denmark,DNK,1957,0,0
Denmark,DNK,1958,0,0
Denmark,DNK,1959,0,0
Denmark,DNK,1960,0,0
Denmark,DNK,1961,0,0
Denmark,DNK,1962,0,0
Denmark,DNK,1963,0,0
Denmark,DNK,1964,0,0
Denmark,DNK,1965,0,0
Denmark,DNK,1966,0,0
Denmark,DNK,1967,0,0
Denmark,DNK,1968,0,0
Denmark,DNK,1969,0,0
Denmark,DNK,1970,0,0
Denmark,DNK,1971,0,0
Denmark,DNK,1972,0,0
Denmark,DNK,1973,0,0
Denmark,DNK,1974,0,0
Denmark,DNK,1975,0,0
Denmark,DNK,1976,0,0
Denmark,DNK,1977,0,0
Denmark,DNK,1978,0,0
Denmark,DNK,1979,0,0
Denmark,DNK,1980,0,0
Denmark,DNK,1981,0,0
Denmark,DNK,1982,0,0
Denmark,DNK,1983,0,0
Denmark,DNK,1984,0,0
Denmark,DNK,1985,0,0
Denmark,DNK,1986,0,0
Denmark,DNK,1987,0,0
Denmark,DNK,1988,0,0
Denmark,DNK,1989,0,0
Denmark,DNK,1990,0,0
Denmark,DNK,1991,0,0
Denmark,DNK,1992,0,0
Denmark,DNK,1993,0,0
Denmark,DNK,1994,0,0
Denmark,DNK,1995,0,0
Denmark,DNK,1996,0,0
Denmark,DNK,1997,0,0
Denmark,DNK,1998,0,0
Denmark,DNK,1999,1,1
Denmark,DNK,2000,0,1
Denmark,DNK,2001,0,1
Denmark,DNK,2002,0,1
Denmark,DNK,2003,2,3
Denmark,DNK,2004,0,3
Denmark,DNK,2005,0,3
Denmark,DNK,2006,0,3
Denmark,DNK,2007,0,3
Denmark,DNK,2008,1,4
Denmark,DNK,2009,0,4
Denmark,DNK,2010,0,4
Denmark,DNK,2011,0,4
Denmark,DNK,2012,0,4
Denmark,DNK,2013,2,6
Denmark,DNK,2014,1,7
Denmark,DNK,2015,1,8
Denmark,DNK,2016,1,9
Denmark,DNK,2017,0,9
Denmark,DNK,2018,2,11
Denmark,DNK,2019,1,12
Denmark,DNK,2020,0,12
Denmark,DNK,2021,0,12
Denmark,DNK,2022,0,12
Denmark,DNK,2023,2,14
Denmark,DNK,2024,0,14
Denmark,DNK,2025,2,16
Djibouti,DJI,1957,0,0
Djibouti,DJI,1958,0,0
Djibouti,DJI,1959,0,0
Djibouti,DJI,1960,0,0
Djibouti,DJI,1961,0,0
Djibouti,DJI,1962,0,0
Djibouti,DJI,1963,0,0
Djibouti,DJI,1964,0,0
Djibouti,DJI,1965,0,0
Djibouti,DJI,1966,0,0
Djibouti,DJI,1967,0,0
Djibouti,DJI,1968,0,0
Djibouti,DJI,1969,0,0
Djibouti,DJI,1970,0,0
Djibouti,DJI,1971,0,0
Djibouti,DJI,1972,0,0
Djibouti,DJI,1973,0,0
Djibouti,DJI,1974,0,0
Djibouti,DJI,1975,0,0
Djibouti,DJI,1976,0,0
Djibouti,DJI,1977,0,0
Djibouti,DJI,1978,0,0
Djibouti,DJI,1979,0,0
Djibouti,DJI,1980,0,0
Djibouti,DJI,1981,0,0
Djibouti,DJI,1982,0,0
Djibouti,DJI,1983,0,0
Djibouti,DJI,1984,0,0
Djibouti,DJI,1985,0,0
Djibouti,DJI,1986,0,0
Djibouti,DJI,1987,0,0
Djibouti,DJI,1988,0,0
Djibouti,DJI,1989,0,0
Djibouti,DJI,1990,0,0
Djibouti,DJI,1991,0,0
Djibouti,DJI,1992,0,0
Djibouti,DJI,1993,0,0
Djibouti,DJI,1994,0,0
Djibouti,DJI,1995,0,0
Djibouti,DJI,1996,0,0
Djibouti,DJI,1997,0,0
Djibouti,DJI,1998,0,0
Djibouti,DJI,1999,0,0
Djibouti,DJI,2000,0,0
Djibouti,DJI,2001,0,0
Djibouti,DJI,2002,0,0
Djibouti,DJI,2003,0,0
Djibouti,DJI,2004,0,0
Djibouti,DJI,2005,0,0
Djibouti,DJI,2006,0,0
Djibouti,DJI,2007,0,0
Djibouti,DJI,2008,0,0
Djibouti,DJI,2009,0,0
Djibouti,DJI,2010,0,0
Djibouti,DJI,2011,0,0
Djibouti,DJI,2012,0,0
Djibouti,DJI,2013,0,0
Djibouti,DJI,2014,0,0
Djibouti,DJI,2015,0,0
Djibouti,DJI,2016,0,0
Djibouti,DJI,2017,0,0
Djibouti,DJI,2018,0,0
Djibouti,DJI,2019,0,0
Djibouti,DJI,2020,0,0
Djibouti,DJI,2021,0,0
Djibouti,DJI,2022,0,0
Djibouti,DJI,2023,1,1
Djibouti,DJI,2024,1,2
Djibouti,DJI,2025,0,2
Ecuador,ECU,1957,0,0
Ecuador,ECU,1958,0,0
Ecuador,ECU,1959,0,0
Ecuador,ECU,1960,0,0
Ecuador,ECU,1961,0,0
Ecuador,ECU,1962,0,0
Ecuador,ECU,1963,0,0
Ecuador,ECU,1964,0,0
Ecuador,ECU,1965,0,0
Ecuador,ECU,1966,0,0
Ecuador,ECU,1967,0,0
Ecuador,ECU,1968,0,0
Ecuador,ECU,1969,0,0
Ecuador,ECU,1970,0,0
Ecuador,ECU,1971,0,0
Ecuador,ECU,1972,0,0
Ecuador,ECU,1973,0,0
Ecuador,ECU,1974,0,0
Ecuador,ECU,1975,0,0
Ecuador,ECU,1976,0,0
Ecuador,ECU,1977,0,0
Ecuador,ECU,1978,0,0
Ecuador,ECU,1979,0,0
Ecuador,ECU,1980,0,0
Ecuador,ECU,1981,0,0
Ecuador,ECU,1982,0,0
Ecuador,ECU,1983,0,0
Ecuador,ECU,1984,0,0
Ecuador,ECU,1985,0,0
Ecuador,ECU,1986,0,0
Ecuador,ECU,1987,0,0
Ecuador,ECU,1988,0,0
Ecuador,ECU,1989,0,0
Ecuador,ECU,1990,0,0
Ecuador,ECU,1991,0,0
Ecuador,ECU,1992,0,0
Ecuador,ECU,1993,0,0
Ecuador,ECU,1994,0,0
Ecuador,ECU,1995,0,0
Ecuador,ECU,1996,0,0
Ecuador,ECU,1997,0,0
Ecuador,ECU,1998,0,0
Ecuador,ECU,1999,0,0
Ecuador,ECU,2000,0,0
Ecuador,ECU,2001,0,0
Ecuador,ECU,2002,0,0
Ecuador,ECU,2003,0,0
Ecuador,ECU,2004,0,0
Ecuador,ECU,2005,0,0
Ecuador,ECU,2006,0,0
Ecuador,ECU,2007,0,0
Ecuador,ECU,2008,0,0
Ecuador,ECU,2009,0,0
Ecuador,ECU,2010,0,0
Ecuador,ECU,2011,0,0
Ecuador,ECU,2012,0,0
Ecuador,ECU,2013,2,2
Ecuador,ECU,2014,0,2
Ecuador,ECU,2015,0,2
Ecuador,ECU,2016,0,2
Ecuador,ECU,2017,0,2
Ecuador,ECU,2018,0,2
Ecuador,ECU,2019,0,2
Ecuador,ECU,2020,0,2
Ecuador,ECU,2021,0,2
Ecuador,ECU,2022,0,2
Ecuador,ECU,2023,0,2
Ecuador,ECU,2024,0,2
Ecuador,ECU,2025,1,3
Egypt,EGY,1957,0,0
Egypt,EGY,1958,0,0
Egypt,EGY,1959,0,0
Egypt,EGY,1960,0,0
Egypt,EGY,1961,0,0
Egypt,EGY,1962,0,0
Egypt,EGY,1963,0,0
Egypt,EGY,1964,0,0
Egypt,EGY,1965,0,0
Egypt,EGY,1966,0,0
Egypt,EGY,1967,0,0
Egypt,EGY,1968,0,0
Egypt,EGY,1969,0,0
Egypt,EGY,1970,0,0
Egypt,EGY,1971,0,0
Egypt,EGY,1972,0,0
Egypt,EGY,1973,0,0
Egypt,EGY,1974,0,0
Egypt,EGY,1975,0,0
Egypt,EGY,1976,0,0
Egypt,EGY,1977,0,0
Egypt,EGY,1978,0,0
Egypt,EGY,1979,0,0
Egypt,EGY,1980,0,0
Egypt,EGY,1981,0,0
Egypt,EGY,1982,0,0
Egypt,EGY,1983,0,0
Egypt,EGY,1984,0,0
Egypt,EGY,1985,0,0
Egypt,EGY,1986,0,0
Egypt,EGY,1987,0,0
Egypt,EGY,1988,0,0
Egypt,EGY,1989,0,0
Egypt,EGY,1990,0,0
Egypt,EGY,1991,0,0
Egypt,EGY,1992,0,0
Egypt,EGY,1993,0,0
Egypt,EGY,1994,0,0
Egypt,EGY,1995,0,0
Egypt,EGY,1996,0,0
Egypt,EGY,1997,0,0
Egypt,EGY,1998,1,1
Egypt,EGY,1999,0,1
Egypt,EGY,2000,1,2
Egypt,EGY,2001,0,2
Egypt,EGY,2002,0,2
Egypt,EGY,2003,0,2
Egypt,EGY,2004,0,2
Egypt,EGY,2005,0,2
Egypt,EGY,2006,0,2
Egypt,EGY,2007,1,3
Egypt,EGY,2008,0,3
Egypt,EGY,2009,0,3
Egypt,EGY,2010,1,4
Egypt,EGY,2011,0,4
Egypt,EGY,2012,0,4
Egypt,EGY,2013,0,4
Egypt,EGY,2014,1,5
Egypt,EGY,2015,0,5
Egypt,EGY,2016,0,5
Egypt,EGY,2017,0,5
Egypt,EGY,2018,0,5
Egypt,EGY,2019,4,9
Egypt,EGY,2020,0,9
Egypt,EGY,2021,0,9
Egypt,EGY,2022,1,10
Egypt,EGY,2023,3,13
Egypt,EGY,2024,1,14
Egypt,EGY,2025,1,15
Estonia,EST,1957,0,0
Estonia,EST,1958,0,0
Estonia,EST,1959,0,0
Estonia,EST,1960,0,0
Estonia,EST,1961,0,0
Estonia,EST,1962,0,0
Estonia,EST,1963,0,0
Estonia,EST,1964,0,0
Estonia,EST,1965,0,0
Estonia,EST,1966,0,0
Estonia,EST,1967,0,0
Estonia,EST,1968,0,0
Estonia,EST,1969,0,0
Estonia,EST,1970,0,0
Estonia,EST,1971,0,0
Estonia,EST,1972,0,0
Estonia,EST,1973,0,0
Estonia,EST,1974,0,0
Estonia,EST,1975,0,0
Estonia,EST,1976,0,0
Estonia,EST,1977,0,0
Estonia,EST,1978,0,0
Estonia,EST,1979,0,0
Estonia,EST,1980,0,0
Estonia,EST,1981,0,0
Estonia,EST,1982,0,0
Estonia,EST,1983,0,0
Estonia,EST,1984,0,0
Estonia,EST,1985,0,0
Estonia,EST,1986,0,0
Estonia,EST,1987,0,0
Estonia,EST,1988,0,0
Estonia,EST,1989,0,0
Estonia,EST,1990,0,0
Estonia,EST,1991,0,0
Estonia,EST,1992,0,0
Estonia,EST,1993,0,0
Estonia,EST,1994,0,0
Estonia,EST,1995,0,0
Estonia,EST,1996,0,0
Estonia,EST,1997,0,0
Estonia,EST,1998,0,0
Estonia,EST,1999,0,0
Estonia,EST,2000,0,0
Estonia,EST,2001,0,0
Estonia,EST,2002,0,0
Estonia,EST,2003,0,0
Estonia,EST,2004,0,0
Estonia,EST,2005,0,0
Estonia,EST,2006,0,0
Estonia,EST,2007,0,0
Estonia,EST,2008,0,0
Estonia,EST,2009,0,0
Estonia,EST,2010,0,0
Estonia,EST,2011,0,0
Estonia,EST,2012,0,0
Estonia,EST,2013,1,1
Estonia,EST,2014,0,1
Estonia,EST,2015,0,1
Estonia,EST,2016,0,1
Estonia,EST,2017,0,1
Estonia,EST,2018,0,1
Estonia,EST,2019,1,2
Estonia,EST,2020,1,3
Estonia,EST,2021,0,3
Estonia,EST,2022,0,3
Estonia,EST,2023,1,4
Estonia,EST,2024,0,4
Estonia,EST,2025,0,4
Ethiopia,ETH,1957,0,0
Ethiopia,ETH,1958,0,0
Ethiopia,ETH,1959,0,0
Ethiopia,ETH,1960,0,0
Ethiopia,ETH,1961,0,0
Ethiopia,ETH,1962,0,0
Ethiopia,ETH,1963,0,0
Ethiopia,ETH,1964,0,0
Ethiopia,ETH,1965,0,0
Ethiopia,ETH,1966,0,0
Ethiopia,ETH,1967,0,0
Ethiopia,ETH,1968,0,0
Ethiopia,ETH,1969,0,0
Ethiopia,ETH,1970,0,0
Ethiopia,ETH,1971,0,0
Ethiopia,ETH,1972,0,0
Ethiopia,ETH,1973,0,0
Ethiopia,ETH,1974,0,0
Ethiopia,ETH,1975,0,0
Ethiopia,ETH,1976,0,0
Ethiopia,ETH,1977,0,0
Ethiopia,ETH,1978,0,0
Ethiopia,ETH,1979,0,0
Ethiopia,ETH,1980,0,0
Ethiopia,ETH,1981,0,0
Ethiopia,ETH,1982,0,0
Ethiopia,ETH,1983,0,0
Ethiopia,ETH,1984,0,0
Ethiopia,ETH,1985,0,0
Ethiopia,ETH,1986,0,0
Ethiopia,ETH,1987,0,0
Ethiopia,ETH,1988,0,0
Ethiopia,ETH,1989,0,0
Ethiopia,ETH,1990,0,0
Ethiopia,ETH,1991,0,0
Ethiopia,ETH,1992,0,0
Ethiopia,ETH,1993,0,0
Ethiopia,ETH,1994,0,0
Ethiopia,ETH,1995,0,0
Ethiopia,ETH,1996,0,0
Ethiopia,ETH,1997,0,0
Ethiopia,ETH,1998,0,0
Ethiopia,ETH,1999,0,0
Ethiopia,ETH,2000,0,0
Ethiopia,ETH,2001,0,0
Ethiopia,ETH,2002,0,0
Ethiopia,ETH,2003,0,0
Ethiopia,ETH,2004,0,0
Ethiopia,ETH,2005,0,0
Ethiopia,ETH,2006,0,0
Ethiopia,ETH,2007,0,0
Ethiopia,ETH,2008,0,0
Ethiopia,ETH,2009,0,0
Ethiopia,ETH,2010,0,0
Ethiopia,ETH,2011,0,0
Ethiopia,ETH,2012,0,0
Ethiopia,ETH,2013,0,0
Ethiopia,ETH,2014,0,0
Ethiopia,ETH,2015,0,0
Ethiopia,ETH,2016,0,0
Ethiopia,ETH,2017,0,0
Ethiopia,ETH,2018,0,0
Ethiopia,ETH,2019,1,1
Ethiopia,ETH,2020,0,1
Ethiopia,ETH,2021,0,1
Ethiopia,ETH,2022,0,1
Ethiopia,ETH,2023,0,1
Ethiopia,ETH,2024,0,1
Ethiopia,ETH,2025,0,1
Finland,FIN,1957,0,0
Finland,FIN,1958,0,0
Finland,FIN,1959,0,0
Finland,FIN,1960,0,0
Finland,FIN,1961,0,0
Finland,FIN,1962,0,0
Finland,FIN,1963,0,0
Finland,FIN,1964,0,0
Finland,FIN,1965,0,0
Finland,FIN,1966,0,0
Finland,FIN,1967,0,0
Finland,FIN,1968,0,0
Finland,FIN,1969,0,0
Finland,FIN,1970,0,0
Finland,FIN,1971,0,0
Finland,FIN,1972,0,0
Finland,FIN,1973,0,0
Finland,FIN,1974,0,0
Finland,FIN,1975,0,0
Finland,FIN,1976,0,0
Finland,FIN,1977,0,0
Finland,FIN,1978,0,0
Finland,FIN,1979,0,0
Finland,FIN,1980,0,0
Finland,FIN,1981,0,0
Finland,FIN,1982,0,0
Finland,FIN,1983,0,0
Finland,FIN,1984,0,0
Finland,FIN,1985,0,0
Finland,FIN,1986,0,0
Finland,FIN,1987,0,0
Finland,FIN,1988,0,0
Finland,FIN,1989,0,0
Finland,FIN,1990,0,0
Finland,FIN,1991,0,0
Finland,FIN,1992,0,0
Finland,FIN,1993,0,0
Finland,FIN,1994,0,0
Finland,FIN,1995,0,0
Finland,FIN,1996,0,0
Finland,FIN,1997,0,0
Finland,FIN,1998,0,0
Finland,FIN,1999,0,0
Finland,FIN,2000,0,0
Finland,FIN,2001,0,0
Finland,FIN,2002,0,0
Finland,FIN,2003,0,0
Finland,FIN,2004,0,0
Finland,FIN,2005,0,0
Finland,FIN,2006,0,0
Finland,FIN,2007,0,0
Finland,FIN,2008,0,0
Finland,FIN,2009,0,0
Finland,FIN,2010,0,0
Finland,FIN,2011,0,0
Finland,FIN,2012,0,0
Finland,FIN,2013,0,0
Finland,FIN,2014,0,0
Finland,FIN,2015,0,0
Finland,FIN,2016,0,0
Finland,FIN,2017,1,1
Finland,FIN,2018,4,5
Finland,FIN,2019,2,7
Finland,FIN,2020,2,9
Finland,FIN,2021,8,17
Finland,FIN,2022,4,21
Finland,FIN,2023,6,27
Finland,FIN,2024,4,31
Finland,FIN,2025,17,48
France,FRA,1957,0,0
France,FRA,1958,0,0
France,FRA,1959,0,0
France,FRA,1960,0,0
France,FRA,1961,0,0
France,FRA,1962,0,0
France,FRA,1963,0,0
France,FRA,1964,0,0
France,FRA,1965,3,3
France,FRA,1966,1,4
France,FRA,1967,2,6
France,FRA,1968,0,6
France,FRA,1969,0,6
France,FRA,1970,2,8
France,FRA,1971,2,10
France,FRA,1972,1,11
France,FRA,1973,0,11
France,FRA,1974,2,13
France,FRA,1975,7,20
France,FRA,1976,0,20
France,FRA,1977,2,22
France,FRA,1978,0,22
France,FRA,1979,0,22
France,FRA,1980,0,22
France,FRA,1981,0,22
France,FRA,1982,0,22
France,FRA,1983,0,22
France,FRA,1984,1,23
France,FRA,1985,1,24
France,FRA,1986,1,25
France,FRA,1987,0,25
France,FRA,1988,2,27
France,FRA,1989,0,27
France,FRA,1990,2,29
France,FRA,1991,2,31
France,FRA,1992,2,33
France,FRA,1993,3,36
France,FRA,1994,0,36
France,FRA,1995,3,39
France,FRA,1996,1,40
France,FRA,1997,0,40
France,FRA,1998,1,41
France,FRA,1999,2,43
France,FRA,2000,0,43
France,FRA,2001,1,44
France,FRA,2002,3,47
France,FRA,2003,0,47
France,FRA,2004,7,54
France,FRA,2005,1,55
France,FRA,2006,3,58
France,FRA,2007,0,58
France,FRA,2008,1,59
France,FRA,2009,3,62
France,FRA,2010,9,71
France,FRA,2011,19,90
France,FRA,2012,5,95
France,FRA,2013,8,103
France,FRA,2014,2,105
France,FRA,2015,0,105
France,FRA,2016,2,107
France,FRA,2017,2,109
France,FRA,2018,2,111
France,FRA,2019,7,118
France,FRA,2020,4,122
France,FRA,2021,9,131
France,FRA,2022,10,141
France,FRA,2023,12,153
France,FRA,2024,22,175
France,FRA,2025,25,200
Germany,DEU,1957,0,0
Germany,DEU,1958,0,0
Germany,DEU,1959,0,0
Germany,DEU,1960,0,0
Germany,DEU,1961,0,0
Germany,DEU,1962,0,0
Germany,DEU,1963,0,0
Germany,DEU,1964,0,0
Germany,DEU,1965,0,0
Germany,DEU,1966,0,0
Germany,DEU,1967,0,0
Germany,DEU,1968,0,0
Germany,DEU,1969,1,1
Germany,DEU,1970,1,2
Germany,DEU,1971,0,2
Germany,DEU,1972,1,3
Germany,DEU,1973,0,3
Germany,DEU,1974,4,7
Germany,DEU,1975,2,9
Germany,DEU,1976,1,10
Germany,DEU,1977,0,10
Germany,DEU,1978,0,10
Germany,DEU,1979,0,10
Germany,DEU,1980,0,10
Germany,DEU,1981,0,10
Germany,DEU,1982,0,10
Germany,DEU,1983,1,11
Germany,DEU,1984,1,12
Germany,DEU,1985,0,12
Germany,DEU,1986,0,12
Germany,DEU,1987,1,13
Germany,DEU,1988,1,14
Germany,DEU,1989,2,16
Germany,DEU,1990,2,18
Germany,DEU,1991,1,19
Germany,DEU,1992,1,20
Germany,DEU,1993,1,21
Germany,DEU,1994,3,24
Germany,DEU,1995,2,26
Germany,DEU,1996,1,27
Germany,DEU,1997,2,29
Germany,DEU,1998,3,32
Germany,DEU,1999,2,34
Germany,DEU,2000,3,37
Germany,DEU,2001,1,38
Germany,DEU,2002,5,43
Germany,DEU,2003,0,43
Germany,DEU,2004,0,43
Germany,DEU,2005,1,44
Germany,DEU,2006,1,45
Germany,DEU,2007,3,48
Germany,DEU,2008,9,57
Germany,DEU,2009,4,61
Germany,DEU,2010,2,63
Germany,DEU,2011,0,63
Germany,DEU,2012,1,64
Germany,DEU,2013,6,70
Germany,DEU,2014,1,71
Germany,DEU,2015,0,71
Germany,DEU,2016,2,73
Germany,DEU,2017,2,75
Germany,DEU,2018,11,86
Germany,DEU,2019,11,97
Germany,DEU,2020,5,102
Germany,DEU,2021,9,111
Germany,DEU,2022,10,121
Germany,DEU,2023,10,131
Germany,DEU,2024,7,138
Germany,DEU,2025,20,158
Ghana,GHA,1957,0,0
Ghana,GHA,1958,0,0
Ghana,GHA,1959,0,0
Ghana,GHA,1960,0,0
Ghana,GHA,1961,0,0
Ghana,GHA,1962,0,0
Ghana,GHA,1963,0,0
Ghana,GHA,1964,0,0
Ghana,GHA,1965,0,0
Ghana,GHA,1966,0,0
Ghana,GHA,1967,0,0
Ghana,GHA,1968,0,0
Ghana,GHA,1969,0,0
Ghana,GHA,1970,0,0
Ghana,GHA,1971,0,0
Ghana,GHA,1972,0,0
Ghana,GHA,1973,0,0
Ghana,GHA,1974,0,0
Ghana,GHA,1975,0,0
Ghana,GHA,1976,0,0
Ghana,GHA,1977,0,0
Ghana,GHA,1978,0,0
Ghana,GHA,1979,0,0
Ghana,GHA,1980,0,0
Ghana,GHA,1981,0,0
Ghana,GHA,1982,0,0
Ghana,GHA,1983,0,0
Ghana,GHA,1984,0,0
Ghana,GHA,1985,0,0
Ghana,GHA,1986,0,0
Ghana,GHA,1987,0,0
Ghana,GHA,1988,0,0
Ghana,GHA,1989,0,0
Ghana,GHA,1990,0,0
Ghana,GHA,1991,0,0
Ghana,GHA,1992,0,0
Ghana,GHA,1993,0,0
Ghana,GHA,1994,0,0
Ghana,GHA,1995,0,0
Ghana,GHA,1996,0,0
Ghana,GHA,1997,0,0
Ghana,GHA,1998,0,0
Ghana,GHA,1999,0,0
Ghana,GHA,2000,0,0
Ghana,GHA,2001,0,0
Ghana,GHA,2002,0,0
Ghana,GHA,2003,0,0
Ghana,GHA,2004,0,0
Ghana,GHA,2005,0,0
Ghana,GHA,2006,0,0
Ghana,GHA,2007,0,0
Ghana,GHA,2008,0,0
Ghana,GHA,2009,0,0
Ghana,GHA,2010,0,0
Ghana,GHA,2011,0,0
Ghana,GHA,2012,0,0
Ghana,GHA,2013,0,0
Ghana,GHA,2014,0,0
Ghana,GHA,2015,0,0
Ghana,GHA,2016,0,0
Ghana,GHA,2017,1,1
Ghana,GHA,2018,0,1
Ghana,GHA,2019,0,1
Ghana,GHA,2020,0,1
Ghana,GHA,2021,0,1
Ghana,GHA,2022,0,1
Ghana,GHA,2023,0,1
Ghana,GHA,2024,0,1
Ghana,GHA,2025,0,1
Greece,GRC,1957,0,0
Greece,GRC,1958,0,0
Greece,GRC,1959,0,0
Greece,GRC,1960,0,0
Greece,GRC,1961,0,0
Greece,GRC,1962,0,0
Greece,GRC,1963,0,0
Greece,GRC,1964,0,0
Greece,GRC,1965,0,0
Greece,GRC,1966,0,0
Greece,GRC,1967,0,0
Greece,GRC,1968,0,0
Greece,GRC,1969,0,0
Greece,GRC,1970,0,0
Greece,GRC,1971,0,0
Greece,GRC,1972,0,0
Greece,GRC,1973,0,0
Greece,GRC,1974,0,0
Greece,GRC,1975,0,0
Greece,GRC,1976,0,0
Greece,GRC,1977,0,0
Greece,GRC,1978,0,0
Greece,GRC,1979,0,0
Greece,GRC,1980,0,0
Greece,GRC,1981,0,0
Greece,GRC,1982,0,0
Greece,GRC,1983,0,0
Greece,GRC,1984,0,0
Greece,GRC,1985,0,0
Greece,GRC,1986,0,0
Greece,GRC,1987,0,0
Greece,GRC,1988,0,0
Greece,GRC,1989,0,0
Greece,GRC,1990,0,0
Greece,GRC,1991,0,0
Greece,GRC,1992,0,0
Greece,GRC,1993,0,0
Greece,GRC,1994,0,0
Greece,GRC,1995,0,0
Greece,GRC,1996,0,0
Greece,GRC,1997,0,0
Greece,GRC,1998,0,0
Greece,GRC,1999,0,0
Greece,GRC,2000,0,0
Greece,GRC,2001,0,0
Greece,GRC,2002,0,0
Greece,GRC,2003,1,1
Greece,GRC,2004,0,1
Greece,GRC,2005,0,1
Greece,GRC,2006,0,1
Greece,GRC,2007,0,1
Greece,GRC,2008,0,1
Greece,GRC,2009,0,1
Greece,GRC,2010,0,1
Greece,GRC,2011,0,1
Greece,GRC,2012,0,1
Greece,GRC,2013,0,1
Greece,GRC,2014,0,1
Greece,GRC,2015,0,1
Greece,GRC,2016,0,1
Greece,GRC,2017,1,2
Greece,GRC,2018,0,2
Greece,GRC,2019,1,3
Greece,GRC,2020,0,3
Greece,GRC,2021,0,3
Greece,GRC,2022,2,5
Greece,GRC,2023,0,5
Greece,GRC,2024,0,5
Greece,GRC,2025,5,10
Guatemala,GTM,1957,0,0
Guatemala,GTM,1958,0,0
Guatemala,GTM,1959,0,0
Guatemala,GTM,1960,0,0
Guatemala,GTM,1961,0,0
Guatemala,GTM,1962,0,0
Guatemala,GTM,1963,0,0
Guatemala,GTM,1964,0,0
Guatemala,GTM,1965,0,0
Guatemala,GTM,1966,0,0
Guatemala,GTM,1967,0,0
Guatemala,GTM,1968,0,0
Guatemala,GTM,1969,0,0
Guatemala,GTM,1970,0,0
Guatemala,GTM,1971,0,0
Guatemala,GTM,1972,0,0
Guatemala,GTM,1973,0,0
Guatemala,GTM,1974,0,0
Guatemala,GTM,1975,0,0
Guatemala,GTM,1976,0,0
Guatemala,GTM,1977,0,0
Guatemala,GTM,1978,0,0
Guatemala,GTM,1979,0,0
Guatemala,GTM,1980,0,0
Guatemala,GTM,1981,0,0
Guatemala,GTM,1982,0,0
Guatemala,GTM,1983,0,0
Guatemala,GTM,1984,0,0
Guatemala,GTM,1985,0,0
Guatemala,GTM,1986,0,0
Guatemala,GTM,1987,0,0
Guatemala,GTM,1988,0,0
Guatemala,GTM,1989,0,0
Guatemala,GTM,1990,0,0
Guatemala,GTM,1991,0,0
Guatemala,GTM,1992,0,0
Guatemala,GTM,1993,0,0
Guatemala,GTM,1994,0,0
Guatemala,GTM,1995,0,0
Guatemala,GTM,1996,0,0
Guatemala,GTM,1997,0,0
Guatemala,GTM,1998,0,0
Guatemala,GTM,1999,0,0
Guatemala,GTM,2000,0,0
Guatemala,GTM,2001,0,0
Guatemala,GTM,2002,0,0
Guatemala,GTM,2003,0,0
Guatemala,GTM,2004,0,0
Guatemala,GTM,2005,0,0
Guatemala,GTM,2006,0,0
Guatemala,GTM,2007,0,0
Guatemala,GTM,2008,0,0
Guatemala,GTM,2009,0,0
Guatemala,GTM,2010,0,0
Guatemala,GTM,2011,0,0
Guatemala,GTM,2012,0,0
Guatemala,GTM,2013,0,0
Guatemala,GTM,2014,0,0
Guatemala,GTM,2015,0,0
Guatemala,GTM,2016,0,0
Guatemala,GTM,2017,0,0
Guatemala,GTM,2018,0,0
Guatemala,GTM,2019,0,0
Guatemala,GTM,2020,1,1
Guatemala,GTM,2021,0,1
Guatemala,GTM,2022,0,1
Guatemala,GTM,2023,0,1
Guatemala,GTM,2024,0,1
Guatemala,GTM,2025,0,1
Hungary,HUN,1957,0,0
Hungary,HUN,1958,0,0
Hungary,HUN,1959,0,0
Hungary,HUN,1960,0,0
Hungary,HUN,1961,0,0
Hungary,HUN,1962,0,0
Hungary,HUN,1963,0,0
Hungary,HUN,1964,0,0
Hungary,HUN,1965,0,0
Hungary,HUN,1966,0,0
Hungary,HUN,1967,0,0
Hungary,HUN,1968,0,0
Hungary,HUN,1969,0,0
Hungary,HUN,1970,0,0
Hungary,HUN,1971,0,0
Hungary,HUN,1972,0,0
Hungary,HUN,1973,0,0
Hungary,HUN,1974,0,0
Hungary,HUN,1975,0,0
Hungary,HUN,1976,0,0
Hungary,HUN,1977,0,0
Hungary,HUN,1978,0,0
Hungary,HUN,1979,0,0
Hungary,HUN,1980,0,0
Hungary,HUN,1981,0,0
Hungary,HUN,1982,0,0
Hungary,HUN,1983,0,0
Hungary,HUN,1984,0,0
Hungary,HUN,1985,0,0
Hungary,HUN,1986,0,0
Hungary,HUN,1987,0,0
Hungary,HUN,1988,0,0
Hungary,HUN,1989,0,0
Hungary,HUN,1990,0,0
Hungary,HUN,1991,0,0
Hungary,HUN,1992,0,0
Hungary,HUN,1993,0,0
Hungary,HUN,1994,0,0
Hungary,HUN,1995,0,0
Hungary,HUN,1996,0,0
Hungary,HUN,1997,0,0
Hungary,HUN,1998,0,0
Hungary,HUN,1999,0,0
Hungary,HUN,2000,0,0
Hungary,HUN,2001,0,0
Hungary,HUN,2002,0,0
Hungary,HUN,2003,0,0
Hungary,HUN,2004,0,0
Hungary,HUN,2005,0,0
Hungary,HUN,2006,0,0
Hungary,HUN,2007,0,0
Hungary,HUN,2008,0,0
Hungary,HUN,2009,0,0
Hungary,HUN,2010,0,0
Hungary,HUN,2011,0,0
Hungary,HUN,2012,1,1
Hungary,HUN,2013,0,1
Hungary,HUN,2014,0,1
Hungary,HUN,2015,0,1
Hungary,HUN,2016,0,1
Hungary,HUN,2017,0,1
Hungary,HUN,2018,0,1
Hungary,HUN,2019,2,3
Hungary,HUN,2020,0,3
Hungary,HUN,2021,2,5
Hungary,HUN,2022,0,5
Hungary,HUN,2023,3,8
Hungary,HUN,2024,1,9
Hungary,HUN,2025,2,11
India,IND,1957,0,0
India,IND,1958,0,0
India,IND,1959,0,0
India,IND,1960,0,0
India,IND,1961,0,0
India,IND,1962,0,0
India,IND,1963,0,0
India,IND,1964,0,0
India,IND,1965,0,0
India,IND,1966,0,0
India,IND,1967,0,0
India,IND,1968,0,0
India,IND,1969,0,0
India,IND,1970,0,0
India,IND,1971,0,0
India,IND,1972,0,0
India,IND,1973,0,0
India,IND,1974,0,0
India,IND,1975,1,1
India,IND,1976,0,1
India,IND,1977,0,1
India,IND,1978,0,1
India,IND,1979,1,2
India,IND,1980,1,3
India,IND,1981,3,6
India,IND,1982,2,8
India,IND,1983,2,10
India,IND,1984,0,10
India,IND,1985,0,10
India,IND,1986,0,10
India,IND,1987,0,10
India,IND,1988,3,13
India,IND,1989,0,13
India,IND,1990,2,15
India,IND,1991,1,16
India,IND,1992,2,18
India,IND,1993,1,19
India,IND,1994,2,21
India,IND,1995,2,23
India,IND,1996,1,24
India,IND,1997,2,26
India,IND,1998,0,26
India,IND,1999,2,28
India,IND,2000,1,29
India,IND,2001,2,31
India,IND,2002,2,33
India,IND,2003,4,37
India,IND,2004,1,38
India,IND,2005,3,41
India,IND,2006,0,41
India,IND,2007,5,46
India,IND,2008,4,50
India,IND,2009,4,54
India,IND,2010,2,56
India,IND,2011,7,63
India,IND,2012,2,65
India,IND,2013,5,70
India,IND,2014,4,74
India,IND,2015,4,78
India,IND,2016,12,90
India,IND,2017,9,99
India,IND,2018,10,109
India,IND,2019,10,119
India,IND,2020,3,122
India,IND,2021,5,127
India,IND,2022,11,138
India,IND,2023,8,146
India,IND,2024,10,156
India,IND,2025,7,163
Indonesia,IDN,1957,0,0
Indonesia,IDN,1958,0,0
Indonesia,IDN,1959,0,0
Indonesia,IDN,1960,0,0
Indonesia,IDN,1961,0,0
Indonesia,IDN,1962,0,0
Indonesia,IDN,1963,0,0
Indonesia,IDN,1964,0,0
Indonesia,IDN,1965,0,0
Indonesia,IDN,1966,0,0
Indonesia,IDN,1967,0,0
Indonesia,IDN,1968,0,0
Indonesia,IDN,1969,0,0
Indonesia,IDN,1970,0,0
Indonesia,IDN,1971,0,0
Indonesia,IDN,1972,0,0
Indonesia,IDN,1973,0,0
Indonesia,IDN,1974,0,0
Indonesia,IDN,1975,0,0
Indonesia,IDN,1976,1,1
Indonesia,IDN,1977,1,2
Indonesia,IDN,1978,0,2
Indonesia,IDN,1979,0,2
Indonesia,IDN,1980,0,2
Indonesia,IDN,1981,0,2
Indonesia,IDN,1982,0,2
Indonesia,IDN,1983,1,3
Indonesia,IDN,1984,1,4
Indonesia,IDN,1985,0,4
Indonesia,IDN,1986,0,4
Indonesia,IDN,1987,1,5
Indonesia,IDN,1988,0,5
Indonesia,IDN,1989,0,5
Indonesia,IDN,1990,0,5
Indonesia,IDN,1991,0,5
Indonesia,IDN,1992,1,6
Indonesia,IDN,1993,0,6
Indonesia,IDN,1994,0,6
Indonesia,IDN,1995,0,6
Indonesia,IDN,1996,2,8
Indonesia,IDN,1997,1,9
Indonesia,IDN,1998,0,9
Indonesia,IDN,1999,1,10
Indonesia,IDN,2000,1,11
Indonesia,IDN,2001,0,11
Indonesia,IDN,2002,0,11
Indonesia,IDN,2003,0,11
Indonesia,IDN,2004,0,11
Indonesia,IDN,2005,1,12
Indonesia,IDN,2006,0,12
Indonesia,IDN,2007,1,13
Indonesia,IDN,2008,0,13
Indonesia,IDN,2009,0,13
Indonesia,IDN,2010,0,13
Indonesia,IDN,2011,0,13
Indonesia,IDN,2012,1,14
Indonesia,IDN,2013,0,14
Indonesia,IDN,2014,0,14
Indonesia,IDN,2015,1,15
Indonesia,IDN,2016,2,17
Indonesia,IDN,2017,1,18
Indonesia,IDN,2018,1,19
Indonesia,IDN,2019,1,20
Indonesia,IDN,2020,0,20
Indonesia,IDN,2021,0,20
Indonesia,IDN,2022,0,20
Indonesia,IDN,2023,2,22
Indonesia,IDN,2024,2,24
Indonesia,IDN,2025,1,25
Iran,IRN,1957,0,0
Iran,IRN,1958,0,0
Iran,IRN,1959,0,0
Iran,IRN,1960,0,0
Iran,IRN,1961,0,0
Iran,IRN,1962,0,0
Iran,IRN,1963,0,0
Iran,IRN,1964,0,0
Iran,IRN,1965,0,0
Iran,IRN,1966,0,0
Iran,IRN,1967,0,0
Iran,IRN,1968,0,0
Iran,IRN,1969,0,0
Iran,IRN,1970,0,0
Iran,IRN,1971,0,0
Iran,IRN,1972,0,0
Iran,IRN,1973,0,0
Iran,IRN,1974,0,0
Iran,IRN,1975,0,0
Iran,IRN,1976,0,0
Iran,IRN,1977,0,0
Iran,IRN,1978,0,0
Iran,IRN,1979,0,0
Iran,IRN,1980,0,0
Iran,IRN,1981,0,0
Iran,IRN,1982,0,0
Iran,IRN,1983,0,0
Iran,IRN,1984,0,0
Iran,IRN,1985,0,0
Iran,IRN,1986,0,0
Iran,IRN,1987,0,0
Iran,IRN,1988,0,0
Iran,IRN,1989,0,0
Iran,IRN,1990,0,0
Iran,IRN,1991,0,0
Iran,IRN,1992,0,0
Iran,IRN,1993,0,0
Iran,IRN,1994,0,0
Iran,IRN,1995,0,0
Iran,IRN,1996,0,0
Iran,IRN,1997,0,0
Iran,IRN,1998,0,0
Iran,IRN,1999,0,0
Iran,IRN,2000,0,0
Iran,IRN,2001,0,0
Iran,IRN,2002,0,0
Iran,IRN,2003,0,0
Iran,IRN,2004,0,0
Iran,IRN,2005,1,1
Iran,IRN,2006,0,1
Iran,IRN,2007,0,1
Iran,IRN,2008,0,1
Iran,IRN,2009,1,2
Iran,IRN,2010,0,2
Iran,IRN,2011,1,3
Iran,IRN,2012,1,4
Iran,IRN,2013,0,4
Iran,IRN,2014,0,4
Iran,IRN,2015,1,5
Iran,IRN,2016,0,5
Iran,IRN,2017,0,5
Iran,IRN,2018,0,5
Iran,IRN,2019,0,5
Iran,IRN,2020,1,6
Iran,IRN,2021,0,6
Iran,IRN,2022,2,8
Iran,IRN,2023,1,9
Iran,IRN,2024,11,20
Iran,IRN,2025,4,24
Ireland,IRL,1957,0,0
Ireland,IRL,1958,0,0
Ireland,IRL,1959,0,0
Ireland,IRL,1960,0,0
Ireland,IRL,1961,0,0
Ireland,IRL,1962,0,0
Ireland,IRL,1963,0,0
Ireland,IRL,1964,0,0
Ireland,IRL,1965,0,0
Ireland,IRL,1966,0,0
Ireland,IRL,1967,0,0
Ireland,IRL,1968,0,0
Ireland,IRL,1969,0,0
Ireland,IRL,1970,0,0
Ireland,IRL,1971,0,0
Ireland,IRL,1972,0,0
Ireland,IRL,1973,0,0
Ireland,IRL,1974,0,0
Ireland,IRL,1975,0,0
Ireland,IRL,1976,0,0
Ireland,IRL,1977,0,0
Ireland,IRL,1978,0,0
Ireland,IRL,1979,0,0
Ireland,IRL,1980,0,0
Ireland,IRL,1981,0,0
Ireland,IRL,1982,0,0
Ireland,IRL,1983,0,0
Ireland,IRL,1984,0,0
Ireland,IRL,1985,0,0
Ireland,IRL,1986,0,0
Ireland,IRL,1987,0,0
Ireland,IRL,1988,0,0
Ireland,IRL,1989,0,0
Ireland,IRL,1990,0,0
Ireland,IRL,1991,0,0
Ireland,IRL,1992,0,0
Ireland,IRL,1993,0,0
Ireland,IRL,1994,0,0
Ireland,IRL,1995,0,0
Ireland,IRL,1996,0,0
Ireland,IRL,1997,0,0
Ireland,IRL,1998,0,0
Ireland,IRL,1999,0,0
Ireland,IRL,2000,0,0
Ireland,IRL,2001,0,0
Ireland,IRL,2002,0,0
Ireland,IRL,2003,0,0
Ireland,IRL,2004,0,0
Ireland,IRL,2005,0,0
Ireland,IRL,2006,0,0
Ireland,IRL,2007,0,0
Ireland,IRL,2008,0,0
Ireland,IRL,2009,0,0
Ireland,IRL,2010,0,0
Ireland,IRL,2011,0,0
Ireland,IRL,2012,0,0
Ireland,IRL,2013,0,0
Ireland,IRL,2014,0,0
Ireland,IRL,2015,0,0
Ireland,IRL,2016,0,0
Ireland,IRL,2017,0,0
Ireland,IRL,2018,0,0
Ireland,IRL,2019,0,0
Ireland,IRL,2020,0,0
Ireland,IRL,2021,0,0
Ireland,IRL,2022,0,0
Ireland,IRL,2023,1,1
Ireland,IRL,2024,0,1
Ireland,IRL,2025,0,1
Israel,ISR,1957,0,0
Israel,ISR,1958,0,0
Israel,ISR,1959,0,0
Israel,ISR,1960,0,0
Israel,ISR,1961,0,0
Israel,ISR,1962,0,0
Israel,ISR,1963,0,0
Israel,ISR,1964,0,0
Israel,ISR,1965,0,0
Israel,ISR,1966,0,0
Israel,ISR,1967,0,0
Israel,ISR,1968,0,0
Israel,ISR,1969,0,0
Israel,ISR,1970,0,0
Israel,ISR,1971,0,0
Israel,ISR,1972,0,0
Israel,ISR,1973,0,0
Israel,ISR,1974,0,0
Israel,ISR,1975,0,0
Israel,ISR,1976,0,0
Israel,ISR,1977,0,0
Israel,ISR,1978,0,0
Israel,ISR,1979,0,0
Israel,ISR,1980,0,0
Israel,ISR,1981,0,0
Israel,ISR,1982,0,0
Israel,ISR,1983,0,0
Israel,ISR,1984,0,0
Israel,ISR,1985,0,0
Israel,ISR,1986,0,0
Israel,ISR,1987,0,0
Israel,ISR,1988,1,1
Israel,ISR,1989,0,1
Israel,ISR,1990,1,2
Israel,ISR,1991,0,2
Israel,ISR,1992,0,2
Israel,ISR,1993,0,2
Israel,ISR,1994,0,2
Israel,ISR,1995,1,3
Israel,ISR,1996,1,4
Israel,ISR,1997,0,4
Israel,ISR,1998,1,5
Israel,ISR,1999,0,5
Israel,ISR,2000,1,6
Israel,ISR,2001,0,6
Israel,ISR,2002,1,7
Israel,ISR,2003,1,8
Israel,ISR,2004,0,8
Israel,ISR,2005,0,8
Israel,ISR,2006,1,9
Israel,ISR,2007,1,10
Israel,ISR,2008,2,12
Israel,ISR,2009,0,12
Israel,ISR,2010,1,13
Israel,ISR,2011,1,14
Israel,ISR,2012,0,14
Israel,ISR,2013,1,15
Israel,ISR,2014,2,17
Israel,ISR,2015,0,17
Israel,ISR,2016,1,18
Israel,ISR,2017,3,21
Israel,ISR,2018,0,21
Israel,ISR,2019,3,24
Israel,ISR,2020,2,26
Israel,ISR,2021,4,30
Israel,ISR,2022,11,41
Israel,ISR,2023,5,46
Israel,ISR,2024,0,46
Israel,ISR,2025,9,55
Italy,ITA,1957,0,0
Italy,ITA,1958,0,0
Italy,ITA,1959,0,0
Italy,ITA,1960,0,0
Italy,ITA,1961,0,0
Italy,ITA,1962,0,0
Italy,ITA,1963,0,0
Italy,ITA,1964,2,2
Italy,ITA,1965,0,2
Italy,ITA,1966,0,2
Italy,ITA,1967,1,3
Italy,ITA,1968,0,3
Italy,ITA,1969,0,3
Italy,ITA,1970,0,3
Italy,ITA,1971,1,4
Italy,ITA,1972,0,4
Italy,ITA,1973,0,4
Italy,ITA,1974,1,5
Italy,ITA,1975,0,5
Italy,ITA,1976,0,5
Italy,ITA,1977,1,6
Italy,ITA,1978,0,6
Italy,ITA,1979,0,6
Italy,ITA,1980,0,6
Italy,ITA,1981,0,6
Italy,ITA,1982,0,6
Italy,ITA,1983,0,6
Italy,ITA,1984,0,6
Italy,ITA,1985,0,6
Italy,ITA,1986,0,6
Italy,ITA,1987,0,6
Italy,ITA,1988,1,7
Italy,ITA,1989,0,7
Italy,ITA,1990,0,7
Italy,ITA,1991,1,8
Italy,ITA,1992,1,9
Italy,ITA,1993,2,11
Italy,ITA,1994,0,11
Italy,ITA,1995,0,11
Italy,ITA,1996,2,13
Italy,ITA,1997,0,13
Italy,ITA,1998,0,13
Italy,ITA,1999,1,14
Italy,ITA,2000,3,17
Italy,ITA,2001,1,18
Italy,ITA,2002,1,19
Italy,ITA,2003,0,19
Italy,ITA,2004,1,20
Italy,ITA,2005,0,20
Italy,ITA,2006,0,20
Italy,ITA,2007,3,23
Italy,ITA,2008,1,24
Italy,ITA,2009,1,25
Italy,ITA,2010,1,26
Italy,ITA,2011,1,27
Italy,ITA,2012,4,31
Italy,ITA,2013,1,32
Italy,ITA,2014,2,34
Italy,ITA,2015,1,35
Italy,ITA,2016,1,36
Italy,ITA,2017,4,40
Italy,ITA,2018,1,41
Italy,ITA,2019,3,44
Italy,ITA,2020,1,45
Italy,ITA,2021,8,53
Italy,ITA,2022,11,64
Italy,ITA,2023,23,87
Italy,ITA,2024,11,98
Italy,ITA,2025,30,128
Japan,JPN,1957,0,0
Japan,JPN,1958,0,0
Japan,JPN,1959,0,0
Japan,JPN,1960,0,0
Japan,JPN,1961,0,0
Japan,JPN,1962,0,0
Japan,JPN,1963,0,0
Japan,JPN,1964,0,0
Japan,JPN,1965,0,0
Japan,JPN,1966,0,0
Japan,JPN,1967,0,0
Japan,JPN,1968,0,0
Japan,JPN,1969,0,0
Japan,JPN,1970,1,1
Japan,JPN,1971,2,3
Japan,JPN,1972,1,4
Japan,JPN,1973,0,4
Japan,JPN,1974,1,5
Japan,JPN,1975,2,7
Japan,JPN,1976,1,8
Japan,JPN,1977,4,12
Japan,JPN,1978,4,16
Japan,JPN,1979,2,18
Japan,JPN,1980,2,20
Japan,JPN,1981,3,23
Japan,JPN,1982,1,24
Japan,JPN,1983,3,27
Japan,JPN,1984,3,30
Japan,JPN,1985,2,32
Japan,JPN,1986,4,36
Japan,JPN,1987,3,39
Japan,JPN,1988,2,41
Japan,JPN,1989,4,45
Japan,JPN,1990,7,52
Japan,JPN,1991,2,54
Japan,JPN,1992,4,58
Japan,JPN,1993,1,59
Japan,JPN,1994,4,63
Japan,JPN,1995,4,67
Japan,JPN,1996,3,70
Japan,JPN,1997,7,77
Japan,JPN,1998,3,80
Japan,JPN,1999,1,81
Japan,JPN,2000,3,84
Japan,JPN,2001,4,88
Japan,JPN,2002,10,98
Japan,JPN,2003,7,105
Japan,JPN,2004,2,107
Japan,JPN,2005,5,112
Japan,JPN,2006,11,123
Japan,JPN,2007,6,129
Japan,JPN,2008,6,135
Japan,JPN,2009,12,147
Japan,JPN,2010,9,156
Japan,JPN,2011,4,160
Japan,JPN,2012,9,169
Japan,JPN,2013,5,174
Japan,JPN,2014,24,198
Japan,JPN,2015,4,202
Japan,JPN,2016,11,213
Japan,JPN,2017,16,229
Japan,JPN,2018,17,246
Japan,JPN,2019,21,267
Japan,JPN,2020,9,276
Japan,JPN,2021,24,300
Japan,JPN,2022,12,312
Japan,JPN,2023,16,328
Japan,JPN,2024,26,354
Japan,JPN,2025,30,384
Jordan,JOR,1957,0,0
Jordan,JOR,1958,0,0
Jordan,JOR,1959,0,0
Jordan,JOR,1960,0,0
Jordan,JOR,1961,0,0
Jordan,JOR,1962,0,0
Jordan,JOR,1963,0,0
Jordan,JOR,1964,0,0
Jordan,JOR,1965,0,0
Jordan,JOR,1966,0,0
Jordan,JOR,1967,0,0
Jordan,JOR,1968,0,0
Jordan,JOR,1969,0,0
Jordan,JOR,1970,0,0
Jordan,JOR,1971,0,0
Jordan,JOR,1972,0,0
Jordan,JOR,1973,0,0
Jordan,JOR,1974,0,0
Jordan,JOR,1975,0,0
Jordan,JOR,1976,0,0
Jordan,JOR,1977,0,0
Jordan,JOR,1978,0,0
Jordan,JOR,1979,0,0
Jordan,JOR,1980,0,0
Jordan,JOR,1981,0,0
Jordan,JOR,1982,0,0
Jordan,JOR,1983,0,0
Jordan,JOR,1984,0,0
Jordan,JOR,1985,0,0
Jordan,JOR,1986,0,0
Jordan,JOR,1987,0,0
Jordan,JOR,1988,0,0
Jordan,JOR,1989,0,0
Jordan,JOR,1990,0,0
Jordan,JOR,1991,0,0
Jordan,JOR,1992,0,0
Jordan,JOR,1993,0,0
Jordan,JOR,1994,0,0
Jordan,JOR,1995,0,0
Jordan,JOR,1996,0,0
Jordan,JOR,1997,0,0
Jordan,JOR,1998,0,0
Jordan,JOR,1999,0,0
Jordan,JOR,2000,0,0
Jordan,JOR,2001,0,0
Jordan,JOR,2002,0,0
Jordan,JOR,2003,0,0
Jordan,JOR,2004,0,0
Jordan,JOR,2005,0,0
Jordan,JOR,2006,0,0
Jordan,JOR,2007,0,0
Jordan,JOR,2008,0,0
Jordan,JOR,2009,0,0
Jordan,JOR,2010,0,0
Jordan,JOR,2011,0,0
Jordan,JOR,2012,0,0
Jordan,JOR,2013,0,0
Jordan,JOR,2014,0,0
Jordan,JOR,2015,0,0
Jordan,JOR,2016,0,0
Jordan,JOR,2017,0,0
Jordan,JOR,2018,1,1
Jordan,JOR,2019,0,1
Jordan,JOR,2020,0,1
Jordan,JOR,2021,0,1
Jordan,JOR,2022,0,1
Jordan,JOR,2023,0,1
Jordan,JOR,2024,0,1
Jordan,JOR,2025,0,1
Kazakhstan,KAZ,1957,0,0
Kazakhstan,KAZ,1958,0,0
Kazakhstan,KAZ,1959,0,0
Kazakhstan,KAZ,1960,0,0
Kazakhstan,KAZ,1961,0,0
Kazakhstan,KAZ,1962,0,0
Kazakhstan,KAZ,1963,0,0
Kazakhstan,KAZ,1964,0,0
Kazakhstan,KAZ,1965,0,0
Kazakhstan,KAZ,1966,0,0
Kazakhstan,KAZ,1967,0,0
Kazakhstan,KAZ,1968,0,0
Kazakhstan,KAZ,1969,0,0
Kazakhstan,KAZ,1970,0,0
Kazakhstan,KAZ,1971,0,0
Kazakhstan,KAZ,1972,0,0
Kazakhstan,KAZ,1973,0,0
Kazakhstan,KAZ,1974,0,0
Kazakhstan,KAZ,1975,0,0
Kazakhstan,KAZ,1976,0,0
Kazakhstan,KAZ,1977,0,0
Kazakhstan,KAZ,1978,0,0
Kazakhstan,KAZ,1979,0,0
Kazakhstan,KAZ,1980,0,0
Kazakhstan,KAZ,1981,0,0
Kazakhstan,KAZ,1982,0,0
Kazakhstan,KAZ,1983,0,0
Kazakhstan,KAZ,1984,0,0
Kazakhstan,KAZ,1985,0,0
Kazakhstan,KAZ,1986,0,0
Kazakhstan,KAZ,1987,0,0
Kazakhstan,KAZ,1988,0,0
Kazakhstan,KAZ,1989,0,0
Kazakhstan,KAZ,1990,0,0
Kazakhstan,KAZ,1991,0,0
Kazakhstan,KAZ,1992,0,0
Kazakhstan,KAZ,1993,0,0
Kazakhstan,KAZ,1994,0,0
Kazakhstan,KAZ,1995,0,0
Kazakhstan,KAZ,1996,0,0
Kazakhstan,KAZ,1997,0,0
Kazakhstan,KAZ,1998,0,0
Kazakhstan,KAZ,1999,0,0
Kazakhstan,KAZ,2000,0,0
Kazakhstan,KAZ,2001,0,0
Kazakhstan,KAZ,2002,0,0
Kazakhstan,KAZ,2003,0,0
Kazakhstan,KAZ,2004,0,0
Kazakhstan,KAZ,2005,0,0
Kazakhstan,KAZ,2006,1,1
Kazakhstan,KAZ,2007,0,1
Kazakhstan,KAZ,2008,0,1
Kazakhstan,KAZ,2009,0,1
Kazakhstan,KAZ,2010,0,1
Kazakhstan,KAZ,2011,1,2
Kazakhstan,KAZ,2012,0,2
Kazakhstan,KAZ,2013,0,2
Kazakhstan,KAZ,2014,3,5
Kazakhstan,KAZ,2015,0,5
Kazakhstan,KAZ,2016,0,5
Kazakhstan,KAZ,2017,1,6
Kazakhstan,KAZ,2018,3,9
Kazakhstan,KAZ,2019,0,9
Kazakhstan,KAZ,2020,0,9
Kazakhstan,KAZ,2021,0,9
Kazakhstan,KAZ,2022,0,9
Kazakhstan,KAZ,2023,0,9
Kazakhstan,KAZ,2024,0,9
Kazakhstan,KAZ,2025,0,9
Kenya,KEN,1957,0,0
Kenya,KEN,1958,0,0
Kenya,KEN,1959,0,0
Kenya,KEN,1960,0,0
Kenya,KEN,1961,0,0
Kenya,KEN,1962,0,0
Kenya,KEN,1963,0,0
Kenya,KEN,1964,0,0
Kenya,KEN,1965,0,0
Kenya,KEN,1966,0,0
Kenya,KEN,1967,0,0
Kenya,KEN,1968,0,0
Kenya,KEN,1969,0,0
Kenya,KEN,1970,0,0
Kenya,KEN,1971,0,0
Kenya,KEN,1972,0,0
Kenya,KEN,1973,0,0
Kenya,KEN,1974,0,0
Kenya,KEN,1975,0,0
Kenya,KEN,1976,0,0
Kenya,KEN,1977,0,0
Kenya,KEN,1978,0,0
Kenya,KEN,1979,0,0
Kenya,KEN,1980,0,0
Kenya,KEN,1981,0,0
Kenya,KEN,1982,0,0
Kenya,KEN,1983,0,0
Kenya,KEN,1984,0,0
Kenya,KEN,1985,0,0
Kenya,KEN,1986,0,0
Kenya,KEN,1987,0,0
Kenya,KEN,1988,0,0
Kenya,KEN,1989,0,0
Kenya,KEN,1990,0,0
Kenya,KEN,1991,0,0
Kenya,KEN,1992,0,0
Kenya,KEN,1993,0,0
Kenya,KEN,1994,0,0
Kenya,KEN,1995,0,0
Kenya,KEN,1996,0,0
Kenya,KEN,1997,0,0
Kenya,KEN,1998,0,0
Kenya,KEN,1999,0,0
Kenya,KEN,2000,0,0
Kenya,KEN,2001,0,0
Kenya,KEN,2002,0,0
Kenya,KEN,2003,0,0
Kenya,KEN,2004,0,0
Kenya,KEN,2005,0,0
Kenya,KEN,2006,0,0
Kenya,KEN,2007,0,0
Kenya,KEN,2008,0,0
Kenya,KEN,2009,0,0
Kenya,KEN,2010,0,0
Kenya,KEN,2011,0,0
Kenya,KEN,2012,0,0
Kenya,KEN,2013,0,0
Kenya,KEN,2014,0,0
Kenya,KEN,2015,0,0
Kenya,KEN,2016,0,0
Kenya,KEN,2017,0,0
Kenya,KEN,2018,1,1
Kenya,KEN,2019,0,1
Kenya,KEN,2020,0,1
Kenya,KEN,2021,0,1
Kenya,KEN,2022,0,1
Kenya,KEN,2023,1,2
Kenya,KEN,2024,0,2
Kenya,KEN,2025,0,2
Kuwait,KWT,1957,0,0
Kuwait,KWT,1958,0,0
Kuwait,KWT,1959,0,0
Kuwait,KWT,1960,0,0
Kuwait,KWT,1961,0,0
Kuwait,KWT,1962,0,0
Kuwait,KWT,1963,0,0
Kuwait,KWT,1964,0,0
Kuwait,KWT,1965,0,0
Kuwait,KWT,1966,0,0
Kuwait,KWT,1967,0,0
Kuwait,KWT,1968,0,0
Kuwait,KWT,1969,0,0
Kuwait,KWT,1970,0,0
Kuwait,KWT,1971,0,0
Kuwait,KWT,1972,0,0
Kuwait,KWT,1973,0,0
Kuwait,KWT,1974,0,0
Kuwait,KWT,1975,0,0
Kuwait,KWT,1976,0,0
Kuwait,KWT,1977,0,0
Kuwait,KWT,1978,0,0
Kuwait,KWT,1979,0,0
Kuwait,KWT,1980,0,0
Kuwait,KWT,1981,0,0
Kuwait,KWT,1982,0,0
Kuwait,KWT,1983,0,0
Kuwait,KWT,1984,0,0
Kuwait,KWT,1985,0,0
Kuwait,KWT,1986,0,0
Kuwait,KWT,1987,0,0
Kuwait,KWT,1988,0,0
Kuwait,KWT,1989,0,0
Kuwait,KWT,1990,0,0
Kuwait,KWT,1991,0,0
Kuwait,KWT,1992,0,0
Kuwait,KWT,1993,0,0
Kuwait,KWT,1994,0,0
Kuwait,KWT,1995,0,0
Kuwait,KWT,1996,0,0
Kuwait,KWT,1997,0,0
Kuwait,KWT,1998,0,0
Kuwait,KWT,1999,0,0
Kuwait,KWT,2000,0,0
Kuwait,KWT,2001,0,0
Kuwait,KWT,2002,0,0
Kuwait,KWT,2003,0,0
Kuwait,KWT,2004,0,0
Kuwait,KWT,2005,0,0
Kuwait,KWT,2006,0,0
Kuwait,KWT,2007,0,0
Kuwait,KWT,2008,0,0
Kuwait,KWT,2009,0,0
Kuwait,KWT,2010,0,0
Kuwait,KWT,2011,0,0
Kuwait,KWT,2012,0,0
Kuwait,KWT,2013,0,0
Kuwait,KWT,2014,0,0
Kuwait,KWT,2015,0,0
Kuwait,KWT,2016,0,0
Kuwait,KWT,2017,0,0
Kuwait,KWT,2018,0,0
Kuwait,KWT,2019,0,0
Kuwait,KWT,2020,0,0
Kuwait,KWT,2021,0,0
Kuwait,KWT,2022,0,0
Kuwait,KWT,2023,1,1
Kuwait,KWT,2024,0,1
Kuwait,KWT,2025,0,1
Laos,LAO,1957,0,0
Laos,LAO,1958,0,0
Laos,LAO,1959,0,0
Laos,LAO,1960,0,0
Laos,LAO,1961,0,0
Laos,LAO,1962,0,0
Laos,LAO,1963,0,0
Laos,LAO,1964,0,0
Laos,LAO,1965,0,0
Laos,LAO,1966,0,0
Laos,LAO,1967,0,0
Laos,LAO,1968,0,0
Laos,LAO,1969,0,0
Laos,LAO,1970,0,0
Laos,LAO,1971,0,0
Laos,LAO,1972,0,0
Laos,LAO,1973,0,0
Laos,LAO,1974,0,0
Laos,LAO,1975,0,0
Laos,LAO,1976,0,0
Laos,LAO,1977,0,0
Laos,LAO,1978,0,0
Laos,LAO,1979,0,0
Laos,LAO,1980,0,0
Laos,LAO,1981,0,0
Laos,LAO,1982,0,0
Laos,LAO,1983,0,0
Laos,LAO,1984,0,0
Laos,LAO,1985,0,0
Laos,LAO,1986,0,0
Laos,LAO,1987,0,0
Laos,LAO,1988,0,0
Laos,LAO,1989,0,0
Laos,LAO,1990,0,0
Laos,LAO,1991,0,0
Laos,LAO,1992,0,0
Laos,LAO,1993,0,0
Laos,LAO,1994,0,0
Laos,LAO,1995,0,0
Laos,LAO,1996,0,0
Laos,LAO,1997,0,0
Laos,LAO,1998,0,0
Laos,LAO,1999,0,0
Laos,LAO,2000,0,0
Laos,LAO,2001,0,0
Laos,LAO,2002,0,0
Laos,LAO,2003,0,0
Laos,LAO,2004,0,0
Laos,LAO,2005,0,0
Laos,LAO,2006,0,0
Laos,LAO,2007,0,0
Laos,LAO,2008,0,0
Laos,LAO,2009,0,0
Laos,LAO,2010,0,0
Laos,LAO,2011,0,0
Laos,LAO,2012,0,0
Laos,LAO,2013,0,0
Laos,LAO,2014,0,0
Laos,LAO,2015,1,1
Laos,LAO,2016,0,1
Laos,LAO,2017,0,1
Laos,LAO,2018,0,1
Laos,LAO,2019,0,1
Laos,LAO,2020,0,1
Laos,LAO,2021,0,1
Laos,LAO,2022,0,1
Laos,LAO,2023,0,1
Laos,LAO,2024,0,1
Laos,LAO,2025,0,1
Latvia,LVA,1957,0,0
Latvia,LVA,1958,0,0
Latvia,LVA,1959,0,0
Latvia,LVA,1960,0,0
Latvia,LVA,1961,0,0
Latvia,LVA,1962,0,0
Latvia,LVA,1963,0,0
Latvia,LVA,1964,0,0
Latvia,LVA,1965,0,0
Latvia,LVA,1966,0,0
Latvia,LVA,1967,0,0
Latvia,LVA,1968,0,0
Latvia,LVA,1969,0,0
Latvia,LVA,1970,0,0
Latvia,LVA,1971,0,0
Latvia,LVA,1972,0,0
Latvia,LVA,1973,0,0
Latvia,LVA,1974,0,0
Latvia,LVA,1975,0,0
Latvia,LVA,1976,0,0
Latvia,LVA,1977,0,0
Latvia,LVA,1978,0,0
Latvia,LVA,1979,0,0
Latvia,LVA,1980,0,0
Latvia,LVA,1981,0,0
Latvia,LVA,1982,0,0
Latvia,LVA,1983,0,0
Latvia,LVA,1984,0,0
Latvia,LVA,1985,0,0
Latvia,LVA,1986,0,0
Latvia,LVA,1987,0,0
Latvia,LVA,1988,0,0
Latvia,LVA,1989,0,0
Latvia,LVA,1990,0,0
Latvia,LVA,1991,0,0
Latvia,LVA,1992,0,0
Latvia,LVA,1993,0,0
Latvia,LVA,1994,0,0
Latvia,LVA,1995,0,0
Latvia,LVA,1996,0,0
Latvia,LVA,1997,0,0
Latvia,LVA,1998,0,0
Latvia,LVA,1999,0,0
Latvia,LVA,2000,0,0
Latvia,LVA,2001,0,0
Latvia,LVA,2002,0,0
Latvia,LVA,2003,0,0
Latvia,LVA,2004,0,0
Latvia,LVA,2005,0,0
Latvia,LVA,2006,0,0
Latvia,LVA,2007,0,0
Latvia,LVA,2008,0,0
Latvia,LVA,2009,0,0
Latvia,LVA,2010,0,0
Latvia,LVA,2011,0,0
Latvia,LVA,2012,0,0
Latvia,LVA,2013,0,0
Latvia,LVA,2014,0,0
Latvia,LVA,2015,0,0
Latvia,LVA,2016,0,0
Latvia,LVA,2017,1,1
Latvia,LVA,2018,0,1
Latvia,LVA,2019,0,1
Latvia,LVA,2020,0,1
Latvia,LVA,2021,0,1
Latvia,LVA,2022,0,1
Latvia,LVA,2023,0,1
Latvia,LVA,2024,0,1
Latvia,LVA,2025,0,1
Lithuania,LTU,1957,0,0
Lithuania,LTU,1958,0,0
Lithuania,LTU,1959,0,0
Lithuania,LTU,1960,0,0
Lithuania,LTU,1961,0,0
Lithuania,LTU,1962,0,0
Lithuania,LTU,1963,0,0
Lithuania,LTU,1964,0,0
Lithuania,LTU,1965,0,0
Lithuania,LTU,1966,0,0
Lithuania,LTU,1967,0,0
Lithuania,LTU,1968,0,0
Lithuania,LTU,1969,0,0
Lithuania,LTU,1970,0,0
Lithuania,LTU,1971,0,0
Lithuania,LTU,1972,0,0
Lithuania,LTU,1973,0,0
Lithuania,LTU,1974,0,0
Lithuania,LTU,1975,0,0
Lithuania,LTU,1976,0,0
Lithuania,LTU,1977,0,0
Lithuania,LTU,1978,0,0
Lithuania,LTU,1979,0,0
Lithuania,LTU,1980,0,0
Lithuania,LTU,1981,0,0
Lithuania,LTU,1982,0,0
Lithuania,LTU,1983,0,0
Lithuania,LTU,1984,0,0
Lithuania,LTU,1985,0,0
Lithuania,LTU,1986,0,0
Lithuania,LTU,1987,0,0
Lithuania,LTU,1988,0,0
Lithuania,LTU,1989,0,0
Lithuania,LTU,1990,0,0
Lithuania,LTU,1991,0,0
Lithuania,LTU,1992,0,0
Lithuania,LTU,1993,0,0
Lithuania,LTU,1994,0,0
Lithuania,LTU,1995,0,0
Lithuania,LTU,1996,0,0
Lithuania,LTU,1997,0,0
Lithuania,LTU,1998,0,0
Lithuania,LTU,1999,0,0
Lithuania,LTU,2000,0,0
Lithuania,LTU,2001,0,0
Lithuania,LTU,2002,0,0
Lithuania,LTU,2003,0,0
Lithuania,LTU,2004,0,0
Lithuania,LTU,2005,0,0
Lithuania,LTU,2006,0,0
Lithuania,LTU,2007,0,0
Lithuania,LTU,2008,0,0
Lithuania,LTU,2009,0,0
Lithuania,LTU,2010,0,0
Lithuania,LTU,2011,0,0
Lithuania,LTU,2012,0,0
Lithuania,LTU,2013,0,0
Lithuania,LTU,2014,2,2
Lithuania,LTU,2015,0,2
Lithuania,LTU,2016,0,2
Lithuania,LTU,2017,0,2
Lithuania,LTU,2018,0,2
Lithuania,LTU,2019,2,4
Lithuania,LTU,2020,2,6
Lithuania,LTU,2021,3,9
Lithuania,LTU,2022,1,10
Lithuania,LTU,2023,3,13
Lithuania,LTU,2024,0,13
Lithuania,LTU,2025,0,13
Luxembourg,LUX,1957,0,0
Luxembourg,LUX,1958,0,0
Luxembourg,LUX,1959,0,0
Luxembourg,LUX,1960,0,0
Luxembourg,LUX,1961,0,0
Luxembourg,LUX,1962,0,0
Luxembourg,LUX,1963,0,0
Luxembourg,LUX,1964,0,0
Luxembourg,LUX,1965,0,0
Luxembourg,LUX,1966,0,0
Luxembourg,LUX,1967,0,0
Luxembourg,LUX,1968,0,0
Luxembourg,LUX,1969,0,0
Luxembourg,LUX,1970,0,0
Luxembourg,LUX,1971,0,0
Luxembourg,LUX,1972,0,0
Luxembourg,LUX,1973,0,0
Luxembourg,LUX,1974,0,0
Luxembourg,LUX,1975,0,0
Luxembourg,LUX,1976,0,0
Luxembourg,LUX,1977,0,0
Luxembourg,LUX,1978,0,0
Luxembourg,LUX,1979,0,0
Luxembourg,LUX,1980,0,0
Luxembourg,LUX,1981,0,0
Luxembourg,LUX,1982,0,0
Luxembourg,LUX,1983,0,0
Luxembourg,LUX,1984,0,0
Luxembourg,LUX,1985,0,0
Luxembourg,LUX,1986,0,0
Luxembourg,LUX,1987,0,0
Luxembourg,LUX,1988,1,1
Luxembourg,LUX,1989,0,1
Luxembourg,LUX,1990,0,1
Luxembourg,LUX,1991,1,2
Luxembourg,LUX,1992,0,2
Luxembourg,LUX,1993,1,3
Luxembourg,LUX,1994,1,4
Luxembourg,LUX,1995,1,5
Luxembourg,LUX,1996,1,6
Luxembourg,LUX,1997,1,7
Luxembourg,LUX,1998,1,8
Luxembourg,LUX,1999,1,9
Luxembourg,LUX,2000,2,11
Luxembourg,LUX,2001,1,12
Luxembourg,LUX,2002,2,14
Luxembourg,LUX,2003,0,14
Luxembourg,LUX,2004,0,14
Luxembourg,LUX,2005,0,14
Luxembourg,LUX,2006,1,15
Luxembourg,LUX,2007,1,16
Luxembourg,LUX,2008,1,17
Luxembourg,LUX,2009,0,17
Luxembourg,LUX,2010,2,19
Luxembourg,LUX,2011,2,21
Luxembourg,LUX,2012,2,23
Luxembourg,LUX,2013,1,24
Luxembourg,LUX,2014,2,26
Luxembourg,LUX,2015,0,26
Luxembourg,LUX,2016,0,26
Luxembourg,LUX,2017,0,26
Luxembourg,LUX,2018,9,35
Luxembourg,LUX,2019,4,39
Luxembourg,LUX,2020,8,47
Luxembourg,LUX,2021,11,58
Luxembourg,LUX,2022,16,74
Luxembourg,LUX,2023,13,87
Luxembourg,LUX,2024,8,95
Luxembourg,LUX,2025,14,109
Malaysia,MYS,1957,0,0
Malaysia,MYS,1958,0,0
Malaysia,MYS,1959,0,0
Malaysia,MYS,1960,0,0
Malaysia,MYS,1961,0,0
Malaysia,MYS,1962,0,0
Malaysia,MYS,1963,0,0
Malaysia,MYS,1964,0,0
Malaysia,MYS,1965,0,0
Malaysia,MYS,1966,0,0
Malaysia,MYS,1967,0,0
Malaysia,MYS,1968,0,0
Malaysia,MYS,1969,0,0
Malaysia,MYS,1970,0,0
Malaysia,MYS,1971,0,0
Malaysia,MYS,1972,0,0
Malaysia,MYS,1973,0,0
Malaysia,MYS,1974,0,0
Malaysia,MYS,1975,0,0
Malaysia,MYS,1976,0,0
Malaysia,MYS,1977,0,0
Malaysia,MYS,1978,0,0
Malaysia,MYS,1979,0,0
Malaysia,MYS,1980,0,0
Malaysia,MYS,1981,0,0
Malaysia,MYS,1982,0,0
Malaysia,MYS,1983,0,0
Malaysia,MYS,1984,0,0
Malaysia,MYS,1985,0,0
Malaysia,MYS,1986,0,0
Malaysia,MYS,1987,0,0
Malaysia,MYS,1988,0,0
Malaysia,MYS,1989,0,0
Malaysia,MYS,1990,0,0
Malaysia,MYS,1991,0,0
Malaysia,MYS,1992,0,0
Malaysia,MYS,1993,0,0
Malaysia,MYS,1994,0,0
Malaysia,MYS,1995,0,0
Malaysia,MYS,1996,2,2
Malaysia,MYS,1997,0,2
Malaysia,MYS,1998,0,2
Malaysia,MYS,1999,0,2
Malaysia,MYS,2000,1,3
Malaysia,MYS,2001,0,3
Malaysia,MYS,2002,0,3
Malaysia,MYS,2003,0,3
Malaysia,MYS,2004,0,3
Malaysia,MYS,2005,0,3
Malaysia,MYS,2006,1,4
Malaysia,MYS,2007,0,4
Malaysia,MYS,2008,0,4
Malaysia,MYS,2009,2,6
Malaysia,MYS,2010,0,6
Malaysia,MYS,2011,0,6
Malaysia,MYS,2012,0,6
Malaysia,MYS,2013,0,6
Malaysia,MYS,2014,1,7
Malaysia,MYS,2015,0,7
Malaysia,MYS,2016,0,7
Malaysia,MYS,2017,0,7
Malaysia,MYS,2018,2,9
Malaysia,MYS,2019,0,9
Malaysia,MYS,2020,0,9
Malaysia,MYS,2021,0,9
Malaysia,MYS,2022,1,10
Malaysia,MYS,2023,2,12
Malaysia,MYS,2024,0,12
Malaysia,MYS,2025,0,12
Mauritius,MUS,1957,0,0
Mauritius,MUS,1958,0,0
Mauritius,MUS,1959,0,0
Mauritius,MUS,1960,0,0
Mauritius,MUS,1961,0,0
Mauritius,MUS,1962,0,0
Mauritius,MUS,1963,0,0
Mauritius,MUS,1964,0,0
Mauritius,MUS,1965,0,0
Mauritius,MUS,1966,0,0
Mauritius,MUS,1967,0,0
Mauritius,MUS,1968,0,0
Mauritius,MUS,1969,0,0
Mauritius,MUS,1970,0,0
Mauritius,MUS,1971,0,0
Mauritius,MUS,1972,0,0
Mauritius,MUS,1973,0,0
Mauritius,MUS,1974,0,0
Mauritius,MUS,1975,0,0
Mauritius,MUS,1976,0,0
Mauritius,MUS,1977,0,0
Mauritius,MUS,1978,0,0
Mauritius,MUS,1979,0,0
Mauritius,MUS,1980,0,0
Mauritius,MUS,1981,0,0
Mauritius,MUS,1982,0,0
Mauritius,MUS,1983,0,0
Mauritius,MUS,1984,0,0
Mauritius,MUS,1985,0,0
Mauritius,MUS,1986,0,0
Mauritius,MUS,1987,0,0
Mauritius,MUS,1988,0,0
Mauritius,MUS,1989,0,0
Mauritius,MUS,1990,0,0
Mauritius,MUS,1991,0,0
Mauritius,MUS,1992,0,0
Mauritius,MUS,1993,0,0
Mauritius,MUS,1994,0,0
Mauritius,MUS,1995,0,0
Mauritius,MUS,1996,0,0
Mauritius,MUS,1997,0,0
Mauritius,MUS,1998,0,0
Mauritius,MUS,1999,0,0
Mauritius,MUS,2000,0,0
Mauritius,MUS,2001,0,0
Mauritius,MUS,2002,0,0
Mauritius,MUS,2003,0,0
Mauritius,MUS,2004,0,0
Mauritius,MUS,2005,0,0
Mauritius,MUS,2006,0,0
Mauritius,MUS,2007,0,0
Mauritius,MUS,2008,0,0
Mauritius,MUS,2009,0,0
Mauritius,MUS,2010,0,0
Mauritius,MUS,2011,0,0
Mauritius,MUS,2012,0,0
Mauritius,MUS,2013,0,0
Mauritius,MUS,2014,0,0
Mauritius,MUS,2015,0,0
Mauritius,MUS,2016,0,0
Mauritius,MUS,2017,0,0
Mauritius,MUS,2018,0,0
Mauritius,MUS,2019,0,0
Mauritius,MUS,2020,0,0
Mauritius,MUS,2021,1,1
Mauritius,MUS,2022,0,1
Mauritius,MUS,2023,0,1
Mauritius,MUS,2024,0,1
Mauritius,MUS,2025,0,1
Mexico,MEX,1957,0,0
Mexico,MEX,1958,0,0
Mexico,MEX,1959,0,0
Mexico,MEX,1960,0,0
Mexico,MEX,1961,0,0
Mexico,MEX,1962,0,0
Mexico,MEX,1963,0,0
Mexico,MEX,1964,0,0
Mexico,MEX,1965,0,0
Mexico,MEX,1966,0,0
Mexico,MEX,1967,0,0
Mexico,MEX,1968,0,0
Mexico,MEX,1969,0,0
Mexico,MEX,1970,0,0
Mexico,MEX,1971,0,0
Mexico,MEX,1972,0,0
Mexico,MEX,1973,0,0
Mexico,MEX,1974,0,0
Mexico,MEX,1975,0,0
Mexico,MEX,1976,0,0
Mexico,MEX,1977,0,0
Mexico,MEX,1978,0,0
Mexico,MEX,1979,0,0
Mexico,MEX,1980,0,0
Mexico,MEX,1981,0,0
Mexico,MEX,1982,0,0
Mexico,MEX,1983,0,0
Mexico,MEX,1984,0,0
Mexico,MEX,1985,2,2
Mexico,MEX,1986,0,2
Mexico,MEX,1987,0,2
Mexico,MEX,1988,0,2
Mexico,MEX,1989,0,2
Mexico,MEX,1990,0,2
Mexico,MEX,1991,0,2
Mexico,MEX,1992,0,2
Mexico,MEX,1993,1,3
Mexico,MEX,1994,1,4
Mexico,MEX,1995,0,4
Mexico,MEX,1996,1,5
Mexico,MEX,1997,0,5
Mexico,MEX,1998,1,6
Mexico,MEX,1999,0,6
Mexico,MEX,2000,0,6
Mexico,MEX,2001,0,6
Mexico,MEX,2002,0,6
Mexico,MEX,2003,0,6
Mexico,MEX,2004,0,6
Mexico,MEX,2005,0,6
Mexico,MEX,2006,1,7
Mexico,MEX,2007,0,7
Mexico,MEX,2008,0,7
Mexico,MEX,2009,0,7
Mexico,MEX,2010,0,7
Mexico,MEX,2011,2,9
Mexico,MEX,2012,1,10
Mexico,MEX,2013,1,11
Mexico,MEX,2014,0,11
Mexico,MEX,2015,2,13
Mexico,MEX,2016,1,14
Mexico,MEX,2017,0,14
Mexico,MEX,2018,0,14
Mexico,MEX,2019,1,15
Mexico,MEX,2020,1,16
Mexico,MEX,2021,2,18
Mexico,MEX,2022,0,18
Mexico,MEX,2023,0,18
Mexico,MEX,2024,0,18
Mexico,MEX,2025,2,20
Moldova,MDA,1957,0,0
Moldova,MDA,1958,0,0
Moldova,MDA,1959,0,0
Moldova,MDA,1960,0,0
Moldova,MDA,1961,0,0
Moldova,MDA,1962,0,0
Moldova,MDA,1963,0,0
Moldova,MDA,1964,0,0
Moldova,MDA,1965,0,0
Moldova,MDA,1966,0,0
Moldova,MDA,1967,0,0
Moldova,MDA,1968,0,0
Moldova,MDA,1969,0,0
Moldova,MDA,1970,0,0
Moldova,MDA,1971,0,0
Moldova,MDA,1972,0,0
Moldova,MDA,1973,0,0
Moldova,MDA,1974,0,0
Moldova,MDA,1975,0,0
Moldova,MDA,1976,0,0
Moldova,MDA,1977,0,0
Moldova,MDA,1978,0,0
Moldova,MDA,1979,0,0
Moldova,MDA,1980,0,0
Moldova,MDA,1981,0,0
Moldova,MDA,1982,0,0
Moldova,MDA,1983,0,0
Moldova,MDA,1984,0,0
Moldova,MDA,1985,0,0
Moldova,MDA,1986,0,0
Moldova,MDA,1987,0,0
Moldova,MDA,1988,0,0
Moldova,MDA,1989,0,0
Moldova,MDA,1990,0,0
Moldova,MDA,1991,0,0
Moldova,MDA,1992,0,0
Moldova,MDA,1993,0,0
Moldova,MDA,1994,0,0
Moldova,MDA,1995,0,0
Moldova,MDA,1996,0,0
Moldova,MDA,1997,0,0
Moldova,MDA,1998,0,0
Moldova,MDA,1999,0,0
Moldova,MDA,2000,0,0
Moldova,MDA,2001,0,0
Moldova,MDA,2002,0,0
Moldova,MDA,2003,0,0
Moldova,MDA,2004,0,0
Moldova,MDA,2005,0,0
Moldova,MDA,2006,0,0
Moldova,MDA,2007,0,0
Moldova,MDA,2008,0,0
Moldova,MDA,2009,0,0
Moldova,MDA,2010,0,0
Moldova,MDA,2011,0,0
Moldova,MDA,2012,0,0
Moldova,MDA,2013,0,0
Moldova,MDA,2014,0,0
Moldova,MDA,2015,0,0
Moldova,MDA,2016,0,0
Moldova,MDA,2017,0,0
Moldova,MDA,2018,0,0
Moldova,MDA,2019,0,0
Moldova,MDA,2020,0,0
Moldova,MDA,2021,0,0
Moldova,MDA,2022,1,1
Moldova,MDA,2023,0,1
Moldova,MDA,2024,0,1
Moldova,MDA,2025,0,1
Monaco,MCO,1957,0,0
Monaco,MCO,1958,0,0
Monaco,MCO,1959,0,0
Monaco,MCO,1960,0,0
Monaco,MCO,1961,0,0
Monaco,MCO,1962,0,0
Monaco,MCO,1963,0,0
Monaco,MCO,1964,0,0
Monaco,MCO,1965,0,0
Monaco,MCO,1966,0,0
Monaco,MCO,1967,0,0
Monaco,MCO,1968,0,0
Monaco,MCO,1969,0,0
Monaco,MCO,1970,0,0
Monaco,MCO,1971,0,0
Monaco,MCO,1972,0,0
Monaco,MCO,1973,0,0
Monaco,MCO,1974,0,0
Monaco,MCO,1975,0,0
Monaco,MCO,1976,0,0
Monaco,MCO,1977,0,0
Monaco,MCO,1978,0,0
Monaco,MCO,1979,0,0
Monaco,MCO,1980,0,0
Monaco,MCO,1981,0,0
Monaco,MCO,1982,0,0
Monaco,MCO,1983,0,0
Monaco,MCO,1984,0,0
Monaco,MCO,1985,0,0
Monaco,MCO,1986,0,0
Monaco,MCO,1987,0,0
Monaco,MCO,1988,0,0
Monaco,MCO,1989,0,0
Monaco,MCO,1990,0,0
Monaco,MCO,1991,0,0
Monaco,MCO,1992,0,0
Monaco,MCO,1993,0,0
Monaco,MCO,1994,0,0
Monaco,MCO,1995,0,0
Monaco,MCO,1996,0,0
Monaco,MCO,1997,0,0
Monaco,MCO,1998,0,0
Monaco,MCO,1999,0,0
Monaco,MCO,2000,0,0
Monaco,MCO,2001,0,0
Monaco,MCO,2002,0,0
Monaco,MCO,2003,0,0
Monaco,MCO,2004,0,0
Monaco,MCO,2005,0,0
Monaco,MCO,2006,0,0
Monaco,MCO,2007,0,0
Monaco,MCO,2008,0,0
Monaco,MCO,2009,0,0
Monaco,MCO,2010,0,0
Monaco,MCO,2011,0,0
Monaco,MCO,2012,0,0
Monaco,MCO,2013,0,0
Monaco,MCO,2014,0,0
Monaco,MCO,2015,0,0
Monaco,MCO,2016,0,0
Monaco,MCO,2017,0,0
Monaco,MCO,2018,0,0
Monaco,MCO,2019,0,0
Monaco,MCO,2020,1,1
Monaco,MCO,2021,0,1
Monaco,MCO,2022,0,1
Monaco,MCO,2023,0,1
Monaco,MCO,2024,0,1
Monaco,MCO,2025,0,1
Mongolia,MNG,1957,0,0
Mongolia,MNG,1958,0,0
Mongolia,MNG,1959,0,0
Mongolia,MNG,1960,0,0
Mongolia,MNG,1961,0,0
Mongolia,MNG,1962,0,0
Mongolia,MNG,1963,0,0
Mongolia,MNG,1964,0,0
Mongolia,MNG,1965,0,0
Mongolia,MNG,1966,0,0
Mongolia,MNG,1967,0,0
Mongolia,MNG,1968,0,0
Mongolia,MNG,1969,0,0
Mongolia,MNG,1970,0,0
Mongolia,MNG,1971,0,0
Mongolia,MNG,1972,0,0
Mongolia,MNG,1973,0,0
Mongolia,MNG,1974,0,0
Mongolia,MNG,1975,0,0
Mongolia,MNG,1976,0,0
Mongolia,MNG,1977,0,0
Mongolia,MNG,1978,0,0
Mongolia,MNG,1979,0,0
Mongolia,MNG,1980,0,0
Mongolia,MNG,1981,0,0
Mongolia,MNG,1982,0,0
Mongolia,MNG,1983,0,0
Mongolia,MNG,1984,0,0
Mongolia,MNG,1985,0,0
Mongolia,MNG,1986,0,0
Mongolia,MNG,1987,0,0
Mongolia,MNG,1988,0,0
Mongolia,MNG,1989,0,0
Mongolia,MNG,1990,0,0
Mongolia,MNG,1991,0,0
Mongolia,MNG,1992,0,0
Mongolia,MNG,1993,0,0
Mongolia,MNG,1994,0,0
Mongolia,MNG,1995,0,0
Mongolia,MNG,1996,0,0
Mongolia,MNG,1997,0,0
Mongolia,MNG,1998,0,0
Mongolia,MNG,1999,0,0
Mongolia,MNG,2000,0,0
Mongolia,MNG,2001,0,0
Mongolia,MNG,2002,0,0
Mongolia,MNG,2003,0,0
Mongolia,MNG,2004,0,0
Mongolia,MNG,2005,0,0
Mongolia,MNG,2006,0,0
Mongolia,MNG,2007,0,0
Mongolia,MNG,2008,0,0
Mongolia,MNG,2009,0,0
Mongolia,MNG,2010,0,0
Mongolia,MNG,2011,0,0
Mongolia,MNG,2012,0,0
Mongolia,MNG,2013,0,0
Mongolia,MNG,2014,0,0
Mongolia,MNG,2015,0,0
Mongolia,MNG,2016,0,0
Mongolia,MNG,2017,1,1
Mongolia,MNG,2018,0,1
Mongolia,MNG,2019,0,1
Mongolia,MNG,2020,0,1
Mongolia,MNG,2021,0,1
Mongolia,MNG,2022,0,1
Mongolia,MNG,2023,0,1
Mongolia,MNG,2024,12,13
Mongolia,MNG,2025,0,13
Morocco,MAR,1957,0,0
Morocco,MAR,1958,0,0
Morocco,MAR,1959,0,0
Morocco,MAR,1960,0,0
Morocco,MAR,1961,0,0
Morocco,MAR,1962,0,0
Morocco,MAR,1963,0,0
Morocco,MAR,1964,0,0
Morocco,MAR,1965,0,0
Morocco,MAR,1966,0,0
Morocco,MAR,1967,0,0
Morocco,MAR,1968,0,0
Morocco,MAR,1969,0,0
Morocco,MAR,1970,0,0
Morocco,MAR,1971,0,0
Morocco,MAR,1972,0,0
Morocco,MAR,1973,0,0
Morocco,MAR,1974,0,0
Morocco,MAR,1975,0,0
Morocco,MAR,1976,0,0
Morocco,MAR,1977,0,0
Morocco,MAR,1978,0,0
Morocco,MAR,1979,0,0
Morocco,MAR,1980,0,0
Morocco,MAR,1981,0,0
Morocco,MAR,1982,0,0
Morocco,MAR,1983,0,0
Morocco,MAR,1984,0,0
Morocco,MAR,1985,0,0
Morocco,MAR,1986,0,0
Morocco,MAR,1987,0,0
Morocco,MAR,1988,0,0
Morocco,MAR,1989,0,0
Morocco,MAR,1990,0,0
Morocco,MAR,1991,0,0
Morocco,MAR,1992,0,0
Morocco,MAR,1993,0,0
Morocco,MAR,1994,0,0
Morocco,MAR,1995,0,0
Morocco,MAR,1996,0,0
Morocco,MAR,1997,0,0
Morocco,MAR,1998,0,0
Morocco,MAR,1999,0,0
Morocco,MAR,2000,0,0
Morocco,MAR,2001,1,1
Morocco,MAR,2002,0,1
Morocco,MAR,2003,0,1
Morocco,MAR,2004,0,1
Morocco,MAR,2005,0,1
Morocco,MAR,2006,0,1
Morocco,MAR,2007,0,1
Morocco,MAR,2008,0,1
Morocco,MAR,2009,0,1
Morocco,MAR,2010,0,1
Morocco,MAR,2011,0,1
Morocco,MAR,2012,0,1
Morocco,MAR,2013,0,1
Morocco,MAR,2014,0,1
Morocco,MAR,2015,0,1
Morocco,MAR,2016,0,1
Morocco,MAR,2017,1,2
Morocco,MAR,2018,1,3
Morocco,MAR,2019,0,3
Morocco,MAR,2020,0,3
Morocco,MAR,2021,0,3
Morocco,MAR,2022,0,3
Morocco,MAR,2023,0,3
Morocco,MAR,2024,2,5
Morocco,MAR,2025,0,5
Nepal,NPL,1957,0,0
Nepal,NPL,1958,0,0
Nepal,NPL,1959,0,0
Nepal,NPL,1960,0,0
Nepal,NPL,1961,0,0
Nepal,NPL,1962,0,0
Nepal,NPL,1963,0,0
Nepal,NPL,1964,0,0
Nepal,NPL,1965,0,0
Nepal,NPL,1966,0,0
Nepal,NPL,1967,0,0
Nepal,NPL,1968,0,0
Nepal,NPL,1969,0,0
Nepal,NPL,1970,0,0
Nepal,NPL,1971,0,0
Nepal,NPL,1972,0,0
Nepal,NPL,1973,0,0
Nepal,NPL,1974,0,0
Nepal,NPL,1975,0,0
Nepal,NPL,1976,0,0
Nepal,NPL,1977,0,0
Nepal,NPL,1978,0,0
Nepal,NPL,1979,0,0
Nepal,NPL,1980,0,0
Nepal,NPL,1981,0,0
Nepal,NPL,1982,0,0
Nepal,NPL,1983,0,0
Nepal,NPL,1984,0,0
Nepal,NPL,1985,0,0
Nepal,NPL,1986,0,0
Nepal,NPL,1987,0,0
Nepal,NPL,1988,0,0
Nepal,NPL,1989,0,0
Nepal,NPL,1990,0,0
Nepal,NPL,1991,0,0
Nepal,NPL,1992,0,0
Nepal,NPL,1993,0,0
Nepal,NPL,1994,0,0
Nepal,NPL,1995,0,0
Nepal,NPL,1996,0,0
Nepal,NPL,1997,0,0
Nepal,NPL,1998,0,0
Nepal,NPL,1999,0,0
Nepal,NPL,2000,0,0
Nepal,NPL,2001,0,0
Nepal,NPL,2002,0,0
Nepal,NPL,2003,0,0
Nepal,NPL,2004,0,0
Nepal,NPL,2005,0,0
Nepal,NPL,2006,0,0
Nepal,NPL,2007,0,0
Nepal,NPL,2008,0,0
Nepal,NPL,2009,0,0
Nepal,NPL,2010,0,0
Nepal,NPL,2011,0,0
Nepal,NPL,2012,0,0
Nepal,NPL,2013,0,0
Nepal,NPL,2014,0,0
Nepal,NPL,2015,0,0
Nepal,NPL,2016,0,0
Nepal,NPL,2017,0,0
Nepal,NPL,2018,0,0
Nepal,NPL,2019,1,1
Nepal,NPL,2020,0,1
Nepal,NPL,2021,0,1
Nepal,NPL,2022,0,1
Nepal,NPL,2023,0,1
Nepal,NPL,2024,0,1
Nepal,NPL,2025,1,2
Netherlands,NLD,1957,0,0
Netherlands,NLD,1958,0,0
Netherlands,NLD,1959,0,0
Netherlands,NLD,1960,0,0
Netherlands,NLD,1961,0,0
Netherlands,NLD,1962,0,0
Netherlands,NLD,1963,0,0
Netherlands,NLD,1964,0,0
Netherlands,NLD,1965,0,0
Netherlands,NLD,1966,0,0
Netherlands,NLD,1967,0,0
Netherlands,NLD,1968,0,0
Netherlands,NLD,1969,0,0
Netherlands,NLD,1970,0,0
Netherlands,NLD,1971,0,0
Netherlands,NLD,1972,0,0
Netherlands,NLD,1973,0,0
Netherlands,NLD,1974,1,1
Netherlands,NLD,1975,0,1
Netherlands,NLD,1976,0,1
Netherlands,NLD,1977,0,1
Netherlands,NLD,1978,0,1
Netherlands,NLD,1979,0,1
Netherlands,NLD,1980,0,1
Netherlands,NLD,1981,0,1
Netherlands,NLD,1982,0,1
Netherlands,NLD,1983,0,1
Netherlands,NLD,1984,0,1
Netherlands,NLD,1985,0,1
Netherlands,NLD,1986,0,1
Netherlands,NLD,1987,0,1
Netherlands,NLD,1988,0,1
Netherlands,NLD,1989,0,1
Netherlands,NLD,1990,0,1
Netherlands,NLD,1991,0,1
Netherlands,NLD,1992,0,1
Netherlands,NLD,1993,0,1
Netherlands,NLD,1994,0,1
Netherlands,NLD,1995,0,1
Netherlands,NLD,1996,0,1
Netherlands,NLD,1997,0,1
Netherlands,NLD,1998,0,1
Netherlands,NLD,1999,0,1
Netherlands,NLD,2000,0,1
Netherlands,NLD,2001,0,1
Netherlands,NLD,2002,1,2
Netherlands,NLD,2003,0,2
Netherlands,NLD,2004,0,2
Netherlands,NLD,2005,0,2
Netherlands,NLD,2006,0,2
Netherlands,NLD,2007,0,2
Netherlands,NLD,2008,1,3
Netherlands,NLD,2009,0,3
Netherlands,NLD,2010,0,3
Netherlands,NLD,2011,0,3
Netherlands,NLD,2012,0,3
Netherlands,NLD,2013,4,7
Netherlands,NLD,2014,0,7
Netherlands,NLD,2015,0,7
Netherlands,NLD,2016,0,7
Netherlands,NLD,2017,1,8
Netherlands,NLD,2018,3,11
Netherlands,NLD,2019,0,11
Netherlands,NLD,2020,0,11
Netherlands,NLD,2021,3,14
Netherlands,NLD,2022,1,15
Netherlands,NLD,2023,2,17
Netherlands,NLD,2024,0,17
Netherlands,NLD,2025,0,17
New Zealand,NZL,1957,0,0
New Zealand,NZL,1958,0,0
New Zealand,NZL,1959,0,0
New Zealand,NZL,1960,0,0
New Zealand,NZL,1961,0,0
New Zealand,NZL,1962,0,0
New Zealand,NZL,1963,0,0
New Zealand,NZL,1964,0,0
New Zealand,NZL,1965,0,0
New Zealand,NZL,1966,0,0
New Zealand,NZL,1967,0,0
New Zealand,NZL,1968,0,0
New Zealand,NZL,1969,0,0
New Zealand,NZL,1970,0,0
New Zealand,NZL,1971,0,0
New Zealand,NZL,1972,0,0
New Zealand,NZL,1973,0,0
New Zealand,NZL,1974,0,0
New Zealand,NZL,1975,0,0
New Zealand,NZL,1976,0,0
New Zealand,NZL,1977,0,0
New Zealand,NZL,1978,0,0
New Zealand,NZL,1979,0,0
New Zealand,NZL,1980,0,0
New Zealand,NZL,1981,0,0
New Zealand,NZL,1982,0,0
New Zealand,NZL,1983,0,0
New Zealand,NZL,1984,0,0
New Zealand,NZL,1985,0,0
New Zealand,NZL,1986,0,0
New Zealand,NZL,1987,0,0
New Zealand,NZL,1988,0,0
New Zealand,NZL,1989,0,0
New Zealand,NZL,1990,0,0
New Zealand,NZL,1991,0,0
New Zealand,NZL,1992,0,0
New Zealand,NZL,1993,0,0
New Zealand,NZL,1994,0,0
New Zealand,NZL,1995,0,0
New Zealand,NZL,1996,0,0
New Zealand,NZL,1997,0,0
New Zealand,NZL,1998,0,0
New Zealand,NZL,1999,0,0
New Zealand,NZL,2000,0,0
New Zealand,NZL,2001,0,0
New Zealand,NZL,2002,0,0
New Zealand,NZL,2003,0,0
New Zealand,NZL,2004,0,0
New Zealand,NZL,2005,0,0
New Zealand,NZL,2006,0,0
New Zealand,NZL,2007,0,0
New Zealand,NZL,2008,0,0
New Zealand,NZL,2009,0,0
New Zealand,NZL,2010,0,0
New Zealand,NZL,2011,0,0
New Zealand,NZL,2012,0,0
New Zealand,NZL,2013,0,0
New Zealand,NZL,2014,0,0
New Zealand,NZL,2015,0,0
New Zealand,NZL,2016,0,0
New Zealand,NZL,2017,0,0
New Zealand,NZL,2018,1,1
New Zealand,NZL,2019,1,2
New Zealand,NZL,2020,8,10
New Zealand,NZL,2021,4,14
New Zealand,NZL,2022,12,26
New Zealand,NZL,2023,0,26
New Zealand,NZL,2024,0,26
New Zealand,NZL,2025,1,27
Nigeria,NGA,1957,0,0
Nigeria,NGA,1958,0,0
Nigeria,NGA,1959,0,0
Nigeria,NGA,1960,0,0
Nigeria,NGA,1961,0,0
Nigeria,NGA,1962,0,0
Nigeria,NGA,1963,0,0
Nigeria,NGA,1964,0,0
Nigeria,NGA,1965,0,0
Nigeria,NGA,1966,0,0
Nigeria,NGA,1967,0,0
Nigeria,NGA,1968,0,0
Nigeria,NGA,1969,0,0
Nigeria,NGA,1970,0,0
Nigeria,NGA,1971,0,0
Nigeria,NGA,1972,0,0
Nigeria,NGA,1973,0,0
Nigeria,NGA,1974,0,0
Nigeria,NGA,1975,0,0
Nigeria,NGA,1976,0,0
Nigeria,NGA,1977,0,0
Nigeria,NGA,1978,0,0
Nigeria,NGA,1979,0,0
Nigeria,NGA,1980,0,0
Nigeria,NGA,1981,0,0
Nigeria,NGA,1982,0,0
Nigeria,NGA,1983,0,0
Nigeria,NGA,1984,0,0
Nigeria,NGA,1985,0,0
Nigeria,NGA,1986,0,0
Nigeria,NGA,1987,0,0
Nigeria,NGA,1988,0,0
Nigeria,NGA,1989,0,0
Nigeria,NGA,1990,0,0
Nigeria,NGA,1991,0,0
Nigeria,NGA,1992,0,0
Nigeria,NGA,1993,0,0
Nigeria,NGA,1994,0,0
Nigeria,NGA,1995,0,0
Nigeria,NGA,1996,0,0
Nigeria,NGA,1997,0,0
Nigeria,NGA,1998,0,0
Nigeria,NGA,1999,0,0
Nigeria,NGA,2000,0,0
Nigeria,NGA,2001,0,0
Nigeria,NGA,2002,0,0
Nigeria,NGA,2003,1,1
Nigeria,NGA,2004,0,1
Nigeria,NGA,2005,0,1
Nigeria,NGA,2006,0,1
Nigeria,NGA,2007,0,1
Nigeria,NGA,2008,0,1
Nigeria,NGA,2009,0,1
Nigeria,NGA,2010,0,1
Nigeria,NGA,2011,2,3
Nigeria,NGA,2012,0,3
Nigeria,NGA,2013,0,3
Nigeria,NGA,2014,0,3
Nigeria,NGA,2015,0,3
Nigeria,NGA,2016,0,3
Nigeria,NGA,2017,1,4
Nigeria,NGA,2018,0,4
Nigeria,NGA,2019,0,4
Nigeria,NGA,2020,0,4
Nigeria,NGA,2021,0,4
Nigeria,NGA,2022,0,4
Nigeria,NGA,2023,0,4
Nigeria,NGA,2024,0,4
Nigeria,NGA,2025,0,4
North Korea,PRK,1957,0,0
North Korea,PRK,1958,0,0
North Korea,PRK,1959,0,0
North Korea,PRK,1960,0,0
North Korea,PRK,1961,0,0
North Korea,PRK,1962,0,0
North Korea,PRK,1963,0,0
North Korea,PRK,1964,0,0
North Korea,PRK,1965,0,0
North Korea,PRK,1966,0,0
North Korea,PRK,1967,0,0
North Korea,PRK,1968,0,0
North Korea,PRK,1969,0,0
North Korea,PRK,1970,0,0
North Korea,PRK,1971,0,0
North Korea,PRK,1972,0,0
North Korea,PRK,1973,0,0
North Korea,PRK,1974,0,0
North Korea,PRK,1975,0,0
North Korea,PRK,1976,0,0
North Korea,PRK,1977,0,0
North Korea,PRK,1978,0,0
North Korea,PRK,1979,0,0
North Korea,PRK,1980,0,0
North Korea,PRK,1981,0,0
North Korea,PRK,1982,0,0
North Korea,PRK,1983,0,0
North Korea,PRK,1984,0,0
North Korea,PRK,1985,0,0
North Korea,PRK,1986,0,0
North Korea,PRK,1987,0,0
North Korea,PRK,1988,0,0
North Korea,PRK,1989,0,0
North Korea,PRK,1990,0,0
North Korea,PRK,1991,0,0
North Korea,PRK,1992,0,0
North Korea,PRK,1993,0,0
North Korea,PRK,1994,0,0
North Korea,PRK,1995,0,0
North Korea,PRK,1996,0,0
North Korea,PRK,1997,0,0
North Korea,PRK,1998,0,0
North Korea,PRK,1999,0,0
North Korea,PRK,2000,0,0
North Korea,PRK,2001,0,0
North Korea,PRK,2002,0,0
North Korea,PRK,2003,0,0
North Korea,PRK,2004,0,0
North Korea,PRK,2005,0,0
North Korea,PRK,2006,0,0
North Korea,PRK,2007,0,0
North Korea,PRK,2008,0,0
North Korea,PRK,2009,0,0
North Korea,PRK,2010,0,0
North Korea,PRK,2011,0,0
North Korea,PRK,2012,1,1
North Korea,PRK,2013,0,1
North Korea,PRK,2014,0,1
North Korea,PRK,2015,0,1
North Korea,PRK,2016,1,2
North Korea,PRK,2017,0,2
North Korea,PRK,2018,0,2
North Korea,PRK,2019,0,2
North Korea,PRK,2020,0,2
North Korea,PRK,2021,0,2
North Korea,PRK,2022,0,2
North Korea,PRK,2023,1,3
North Korea,PRK,2024,0,3
North Korea,PRK,2025,0,3
Norway,NOR,1957,0,0
Norway,NOR,1958,0,0
Norway,NOR,1959,0,0
Norway,NOR,1960,0,0
Norway,NOR,1961,0,0
Norway,NOR,1962,0,0
Norway,NOR,1963,0,0
Norway,NOR,1964,0,0
Norway,NOR,1965,0,0
Norway,NOR,1966,0,0
Norway,NOR,1967,0,0
Norway,NOR,1968,0,0
Norway,NOR,1969,0,0
Norway,NOR,1970,0,0
Norway,NOR,1971,0,0
Norway,NOR,1972,0,0
Norway,NOR,1973,0,0
Norway,NOR,1974,0,0
Norway,NOR,1975,0,0
Norway,NOR,1976,0,0
Norway,NOR,1977,0,0
Norway,NOR,1978,0,0
Norway,NOR,1979,0,0
Norway,NOR,1980,0,0
Norway,NOR,1981,0,0
Norway,NOR,1982,0,0
Norway,NOR,1983,0,0
Norway,NOR,1984,0,0
Norway,NOR,1985,0,0
Norway,NOR,1986,0,0
Norway,NOR,1987,0,0
Norway,NOR,1988,0,0
Norway,NOR,1989,0,0
Norway,NOR,1990,0,0
Norway,NOR,1991,0,0
Norway,NOR,1992,0,0
Norway,NOR,1993,0,0
Norway,NOR,1994,0,0
Norway,NOR,1995,0,0
Norway,NOR,1996,0,0
Norway,NOR,1997,1,1
Norway,NOR,1998,1,2
Norway,NOR,1999,0,2
Norway,NOR,2000,0,2
Norway,NOR,2001,0,2
Norway,NOR,2002,0,2
Norway,NOR,2003,0,2
Norway,NOR,2004,0,2
Norway,NOR,2005,1,3
Norway,NOR,2006,0,3
Norway,NOR,2007,0,3
Norway,NOR,2008,1,4
Norway,NOR,2009,1,5
Norway,NOR,2010,1,6
Norway,NOR,2011,0,6
Norway,NOR,2012,0,6
Norway,NOR,2013,1,7
Norway,NOR,2014,1,8
Norway,NOR,2015,1,9
Norway,NOR,2016,0,9
Norway,NOR,2017,4,13
Norway,NOR,2018,0,13
Norway,NOR,2019,0,13
Norway,NOR,2020,0,13
Norway,NOR,2021,1,14
Norway,NOR,2022,3,17
Norway,NOR,2023,3,20
Norway,NOR,2024,4,24
Norway,NOR,2025,3,27
Oman,OMN,1957,0,0
Oman,OMN,1958,0,0
Oman,OMN,1959,0,0
Oman,OMN,1960,0,0
Oman,OMN,1961,0,0
Oman,OMN,1962,0,0
Oman,OMN,1963,0,0
Oman,OMN,1964,0,0
Oman,OMN,1965,0,0
Oman,OMN,1966,0,0
Oman,OMN,1967,0,0
Oman,OMN,1968,0,0
Oman,OMN,1969,0,0
Oman,OMN,1970,0,0
Oman,OMN,1971,0,0
Oman,OMN,1972,0,0
Oman,OMN,1973,0,0
Oman,OMN,1974,0,0
Oman,OMN,1975,0,0
Oman,OMN,1976,0,0
Oman,OMN,1977,0,0
Oman,OMN,1978,0,0
Oman,OMN,1979,0,0
Oman,OMN,1980,0,0
Oman,OMN,1981,0,0
Oman,OMN,1982,0,0
Oman,OMN,1983,0,0
Oman,OMN,1984,0,0
Oman,OMN,1985,0,0
Oman,OMN,1986,0,0
Oman,OMN,1987,0,0
Oman,OMN,1988,0,0
Oman,OMN,1989,0,0
Oman,OMN,1990,0,0
Oman,OMN,1991,0,0
Oman,OMN,1992,0,0
Oman,OMN,1993,0,0
Oman,OMN,1994,0,0
Oman,OMN,1995,0,0
Oman,OMN,1996,0,0
Oman,OMN,1997,0,0
Oman,OMN,1998,0,0
Oman,OMN,1999,0,0
Oman,OMN,2000,0,0
Oman,OMN,2001,0,0
Oman,OMN,2002,0,0
Oman,OMN,2003,0,0
Oman,OMN,2004,0,0
Oman,OMN,2005,0,0
Oman,OMN,2006,0,0
Oman,OMN,2007,0,0
Oman,OMN,2008,0,0
Oman,OMN,2009,0,0
Oman,OMN,2010,0,0
Oman,OMN,2011,0,0
Oman,OMN,2012,0,0
Oman,OMN,2013,0,0
Oman,OMN,2014,0,0
Oman,OMN,2015,0,0
Oman,OMN,2016,0,0
Oman,OMN,2017,0,0
Oman,OMN,2018,0,0
Oman,OMN,2019,0,0
Oman,OMN,2020,0,0
Oman,OMN,2021,0,0
Oman,OMN,2022,0,0
Oman,OMN,2023,0,0
Oman,OMN,2024,1,1
Oman,OMN,2025,0,1
Pakistan,PAK,1957,0,0
Pakistan,PAK,1958,0,0
Pakistan,PAK,1959,0,0
Pakistan,PAK,1960,0,0
Pakistan,PAK,1961,0,0
Pakistan,PAK,1962,0,0
Pakistan,PAK,1963,0,0
Pakistan,PAK,1964,0,0
Pakistan,PAK,1965,0,0
Pakistan,PAK,1966,0,0
Pakistan,PAK,1967,0,0
Pakistan,PAK,1968,0,0
Pakistan,PAK,1969,0,0
Pakistan,PAK,1970,0,0
Pakistan,PAK,1971,0,0
Pakistan,PAK,1972,0,0
Pakistan,PAK,1973,0,0
Pakistan,PAK,1974,0,0
Pakistan,PAK,1975,0,0
Pakistan,PAK,1976,0,0
Pakistan,PAK,1977,0,0
Pakistan,PAK,1978,0,0
Pakistan,PAK,1979,0,0
Pakistan,PAK,1980,0,0
Pakistan,PAK,1981,0,0
Pakistan,PAK,1982,0,0
Pakistan,PAK,1983,0,0
Pakistan,PAK,1984,0,0
Pakistan,PAK,1985,0,0
Pakistan,PAK,1986,0,0
Pakistan,PAK,1987,0,0
Pakistan,PAK,1988,0,0
Pakistan,PAK,1989,0,0
Pakistan,PAK,1990,1,1
Pakistan,PAK,1991,0,1
Pakistan,PAK,1992,0,1
Pakistan,PAK,1993,0,1
Pakistan,PAK,1994,0,1
Pakistan,PAK,1995,0,1
Pakistan,PAK,1996,0,1
Pakistan,PAK,1997,0,1
Pakistan,PAK,1998,0,1
Pakistan,PAK,1999,0,1
Pakistan,PAK,2000,0,1
Pakistan,PAK,2001,1,2
Pakistan,PAK,2002,0,2
Pakistan,PAK,2003,0,2
Pakistan,PAK,2004,0,2
Pakistan,PAK,2005,0,2
Pakistan,PAK,2006,0,2
Pakistan,PAK,2007,0,2
Pakistan,PAK,2008,0,2
Pakistan,PAK,2009,0,2
Pakistan,PAK,2010,0,2
Pakistan,PAK,2011,1,3
Pakistan,PAK,2012,0,3
Pakistan,PAK,2013,1,4
Pakistan,PAK,2014,0,4
Pakistan,PAK,2015,0,4
Pakistan,PAK,2016,0,4
Pakistan,PAK,2017,0,4
Pakistan,PAK,2018,2,6
Pakistan,PAK,2019,0,6
Pakistan,PAK,2020,0,6
Pakistan,PAK,2021,0,6
Pakistan,PAK,2022,0,6
Pakistan,PAK,2023,0,6
Pakistan,PAK,2024,2,8
Pakistan,PAK,2025,3,11
Papua New Guinea,PNG,1957,0,0
Papua New Guinea,PNG,1958,0,0
Papua New Guinea,PNG,1959,0,0
Papua New Guinea,PNG,1960,0,0
Papua New Guinea,PNG,1961,0,0
Papua New Guinea,PNG,1962,0,0
Papua New Guinea,PNG,1963,0,0
Papua New Guinea,PNG,1964,0,0
Papua New Guinea,PNG,1965,0,0
Papua New Guinea,PNG,1966,0,0
Papua New Guinea,PNG,1967,0,0
Papua New Guinea,PNG,1968,0,0
Papua New Guinea,PNG,1969,0,0
Papua New Guinea,PNG,1970,0,0
Papua New Guinea,PNG,1971,0,0
Papua New Guinea,PNG,1972,0,0
Papua New Guinea,PNG,1973,0,0
Papua New Guinea,PNG,1974,0,0
Papua New Guinea,PNG,1975,0,0
Papua New Guinea,PNG,1976,0,0
Papua New Guinea,PNG,1977,0,0
Papua New Guinea,PNG,1978,0,0
Papua New Guinea,PNG,1979,0,0
Papua New Guinea,PNG,1980,0,0
Papua New Guinea,PNG,1981,0,0
Papua New Guinea,PNG,1982,0,0
Papua New Guinea,PNG,1983,0,0
Papua New Guinea,PNG,1984,0,0
Papua New Guinea,PNG,1985,0,0
Papua New Guinea,PNG,1986,0,0
Papua New Guinea,PNG,1987,0,0
Papua New Guinea,PNG,1988,0,0
Papua New Guinea,PNG,1989,0,0
Papua New Guinea,PNG,1990,0,0
Papua New Guinea,PNG,1991,0,0
Papua New Guinea,PNG,1992,0,0
Papua New Guinea,PNG,1993,0,0
Papua New Guinea,PNG,1994,0,0
Papua New Guinea,PNG,1995,0,0
Papua New Guinea,PNG,1996,0,0
Papua New Guinea,PNG,1997,0,0
Papua New Guinea,PNG,1998,0,0
Papua New Guinea,PNG,1999,0,0
Papua New Guinea,PNG,2000,0,0
Papua New Guinea,PNG,2001,0,0
Papua New Guinea,PNG,2002,0,0
Papua New Guinea,PNG,2003,0,0
Papua New Guinea,PNG,2004,0,0
Papua New Guinea,PNG,2005,0,0
Papua New Guinea,PNG,2006,0,0
Papua New Guinea,PNG,2007,0,0
Papua New Guinea,PNG,2008,0,0
Papua New Guinea,PNG,2009,0,0
Papua New Guinea,PNG,2010,0,0
Papua New Guinea,PNG,2011,0,0
Papua New Guinea,PNG,2012,0,0
Papua New Guinea,PNG,2013,0,0
Papua New Guinea,PNG,2014,1,1
Papua New Guinea,PNG,2015,1,2
Papua New Guinea,PNG,2016,0,2
Papua New Guinea,PNG,2017,0,2
Papua New Guinea,PNG,2018,0,2
Papua New Guinea,PNG,2019,0,2
Papua New Guinea,PNG,2020,0,2
Papua New Guinea,PNG,2021,0,2
Papua New Guinea,PNG,2022,0,2
Papua New Guinea,PNG,2023,0,2
Papua New Guinea,PNG,2024,0,2
Papua New Guinea,PNG,2025,0,2
Paraguay,PRY,1957,0,0
Paraguay,PRY,1958,0,0
Paraguay,PRY,1959,0,0
Paraguay,PRY,1960,0,0
Paraguay,PRY,1961,0,0
Paraguay,PRY,1962,0,0
Paraguay,PRY,1963,0,0
Paraguay,PRY,1964,0,0
Paraguay,PRY,1965,0,0
Paraguay,PRY,1966,0,0
Paraguay,PRY,1967,0,0
Paraguay,PRY,1968,0,0
Paraguay,PRY,1969,0,0
Paraguay,PRY,1970,0,0
Paraguay,PRY,1971,0,0
Paraguay,PRY,1972,0,0
Paraguay,PRY,1973,0,0
Paraguay,PRY,1974,0,0
Paraguay,PRY,1975,0,0
Paraguay,PRY,1976,0,0
Paraguay,PRY,1977,0,0
Paraguay,PRY,1978,0,0
Paraguay,PRY,1979,0,0
Paraguay,PRY,1980,0,0
Paraguay,PRY,1981,0,0
Paraguay,PRY,1982,0,0
Paraguay,PRY,1983,0,0
Paraguay,PRY,1984,0,0
Paraguay,PRY,1985,0,0
Paraguay,PRY,1986,0,0
Paraguay,PRY,1987,0,0
Paraguay,PRY,1988,0,0
Paraguay,PRY,1989,0,0
Paraguay,PRY,1990,0,0
Paraguay,PRY,1991,0,0
Paraguay,PRY,1992,0,0
Paraguay,PRY,1993,0,0
Paraguay,PRY,1994,0,0
Paraguay,PRY,1995,0,0
Paraguay,PRY,1996,0,0
Paraguay,PRY,1997,0,0
Paraguay,PRY,1998,0,0
Paraguay,PRY,1999,0,0
Paraguay,PRY,2000,0,0
Paraguay,PRY,2001,0,0
Paraguay,PRY,2002,0,0
Paraguay,PRY,2003,0,0
Paraguay,PRY,2004,0,0
Paraguay,PRY,2005,0,0
Paraguay,PRY,2006,0,0
Paraguay,PRY,2007,0,0
Paraguay,PRY,2008,0,0
Paraguay,PRY,2009,0,0
Paraguay,PRY,2010,0,0
Paraguay,PRY,2011,0,0
Paraguay,PRY,2012,0,0
Paraguay,PRY,2013,0,0
Paraguay,PRY,2014,0,0
Paraguay,PRY,2015,0,0
Paraguay,PRY,2016,0,0
Paraguay,PRY,2017,0,0
Paraguay,PRY,2018,0,0
Paraguay,PRY,2019,0,0
Paraguay,PRY,2020,0,0
Paraguay,PRY,2021,1,1
Paraguay,PRY,2022,0,1
Paraguay,PRY,2023,0,1
Paraguay,PRY,2024,0,1
Paraguay,PRY,2025,0,1
Peru,PER,1957,0,0
Peru,PER,1958,0,0
Peru,PER,1959,0,0
Peru,PER,1960,0,0
Peru,PER,1961,0,0
Peru,PER,1962,0,0
Peru,PER,1963,0,0
Peru,PER,1964,0,0
Peru,PER,1965,0,0
Peru,PER,1966,0,0
Peru,PER,1967,0,0
Peru,PER,1968,0,0
Peru,PER,1969,0,0
Peru,PER,1970,0,0
Peru,PER,1971,0,0
Peru,PER,1972,0,0
Peru,PER,1973,0,0
Peru,PER,1974,0,0
Peru,PER,1975,0,0
Peru,PER,1976,0,0
Peru,PER,1977,0,0
Peru,PER,1978,0,0
Peru,PER,1979,0,0
Peru,PER,1980,0,0
Peru,PER,1981,0,0
Peru,PER,1982,0,0
Peru,PER,1983,0,0
Peru,PER,1984,0,0
Peru,PER,1985,0,0
Peru,PER,1986,0,0
Peru,PER,1987,0,0
Peru,PER,1988,0,0
Peru,PER,1989,0,0
Peru,PER,1990,0,0
Peru,PER,1991,0,0
Peru,PER,1992,0,0
Peru,PER,1993,0,0
Peru,PER,1994,0,0
Peru,PER,1995,0,0
Peru,PER,1996,0,0
Peru,PER,1997,0,0
Peru,PER,1998,0,0
Peru,PER,1999,0,0
Peru,PER,2000,0,0
Peru,PER,2001,0,0
Peru,PER,2002,0,0
Peru,PER,2003,0,0
Peru,PER,2004,0,0
Peru,PER,2005,0,0
Peru,PER,2006,0,0
Peru,PER,2007,0,0
Peru,PER,2008,0,0
Peru,PER,2009,0,0
Peru,PER,2010,0,0
Peru,PER,2011,0,0
Peru,PER,2012,0,0
Peru,PER,2013,2,2
Peru,PER,2014,1,3
Peru,PER,2015,0,3
Peru,PER,2016,1,4
Peru,PER,2017,0,4
Peru,PER,2018,0,4
Peru,PER,2019,0,4
Peru,PER,2020,0,4
Peru,PER,2021,0,4
Peru,PER,2022,0,4
Peru,PER,2023,0,4
Peru,PER,2024,0,4
Peru,PER,2025,0,4
Philippines,PHL,1957,0,0
Philippines,PHL,1958,0,0
Philippines,PHL,1959,0,0
Philippines,PHL,1960,0,0
Philippines,PHL,1961,0,0
Philippines,PHL,1962,0,0
Philippines,PHL,1963,0,0
Philippines,PHL,1964,0,0
Philippines,PHL,1965,0,0
Philippines,PHL,1966,0,0
Philippines,PHL,1967,0,0
Philippines,PHL,1968,0,0
Philippines,PHL,1969,0,0
Philippines,PHL,1970,0,0
Philippines,PHL,1971,0,0
Philippines,PHL,1972,0,0
Philippines,PHL,1973,0,0
Philippines,PHL,1974,0,0
Philippines,PHL,1975,0,0
Philippines,PHL,1976,0,0
Philippines,PHL,1977,0,0
Philippines,PHL,1978,0,0
Philippines,PHL,1979,0,0
Philippines,PHL,1980,0,0
Philippines,PHL,1981,0,0
Philippines,PHL,1982,0,0
Philippines,PHL,1983,0,0
Philippines,PHL,1984,0,0
Philippines,PHL,1985,0,0
Philippines,PHL,1986,0,0
Philippines,PHL,1987,0,0
Philippines,PHL,1988,0,0
Philippines,PHL,1989,0,0
Philippines,PHL,1990,0,0
Philippines,PHL,1991,0,0
Philippines,PHL,1992,0,0
Philippines,PHL,1993,0,0
Philippines,PHL,1994,0,0
Philippines,PHL,1995,0,0
Philippines,PHL,1996,0,0
Philippines,PHL,1997,1,1
Philippines,PHL,1998,0,1
Philippines,PHL,1999,0,1
Philippines,PHL,2000,0,1
Philippines,PHL,2001,0,1
Philippines,PHL,2002,0,1
Philippines,PHL,2003,0,1
Philippines,PHL,2004,0,1
Philippines,PHL,2005,0,1
Philippines,PHL,2006,0,1
Philippines,PHL,2007,0,1
Philippines,PHL,2008,0,1
Philippines,PHL,2009,0,1
Philippines,PHL,2010,0,1
Philippines,PHL,2011,0,1
Philippines,PHL,2012,0,1
Philippines,PHL,2013,0,1
Philippines,PHL,2014,0,1
Philippines,PHL,2015,0,1
Philippines,PHL,2016,1,2
Philippines,PHL,2017,0,2
Philippines,PHL,2018,2,4
Philippines,PHL,2019,0,4
Philippines,PHL,2020,0,4
Philippines,PHL,2021,3,7
Philippines,PHL,2022,0,7
Philippines,PHL,2023,2,9
Philippines,PHL,2024,0,9
Philippines,PHL,2025,0,9
Poland,POL,1957,0,0
Poland,POL,1958,0,0
Poland,POL,1959,0,0
Poland,POL,1960,0,0
Poland,POL,1961,0,0
Poland,POL,1962,0,0
Poland,POL,1963,0,0
Poland,POL,1964,0,0
Poland,POL,1965,0,0
Poland,POL,1966,0,0
Poland,POL,1967,0,0
Poland,POL,1968,0,0
Poland,POL,1969,0,0
Poland,POL,1970,0,0
Poland,POL,1971,0,0
Poland,POL,1972,0,0
Poland,POL,1973,0,0
Poland,POL,1974,0,0
Poland,POL,1975,0,0
Poland,POL,1976,0,0
Poland,POL,1977,0,0
Poland,POL,1978,0,0
Poland,POL,1979,0,0
Poland,POL,1980,0,0
Poland,POL,1981,0,0
Poland,POL,1982,0,0
Poland,POL,1983,0,0
Poland,POL,1984,0,0
Poland,POL,1985,0,0
Poland,POL,1986,0,0
Poland,POL,1987,0,0
Poland,POL,1988,0,0
Poland,POL,1989,0,0
Poland,POL,1990,0,0
Poland,POL,1991,0,0
Poland,POL,1992,0,0
Poland,POL,1993,0,0
Poland,POL,1994,0,0
Poland,POL,1995,0,0
Poland,POL,1996,0,0
Poland,POL,1997,0,0
Poland,POL,1998,0,0
Poland,POL,1999,0,0
Poland,POL,2000,0,0
Poland,POL,2001,0,0
Poland,POL,2002,0,0
Poland,POL,2003,0,0
Poland,POL,2004,0,0
Poland,POL,2005,0,0
Poland,POL,2006,0,0
Poland,POL,2007,0,0
Poland,POL,2008,0,0
Poland,POL,2009,0,0
Poland,POL,2010,0,0
Poland,POL,2011,0,0
Poland,POL,2012,1,1
Poland,POL,2013,1,2
Poland,POL,2014,1,3
Poland,POL,2015,0,3
Poland,POL,2016,0,3
Poland,POL,2017,0,3
Poland,POL,2018,1,4
Poland,POL,2019,2,6
Poland,POL,2020,0,6
Poland,POL,2021,2,8
Poland,POL,2022,6,14
Poland,POL,2023,2,16
Poland,POL,2024,2,18
Poland,POL,2025,8,26
Portugal,PRT,1957,0,0
Portugal,PRT,1958,0,0
Portugal,PRT,1959,0,0
Portugal,PRT,1960,0,0
Portugal,PRT,1961,0,0
Portugal,PRT,1962,0,0
Portugal,PRT,1963,0,0
Portugal,PRT,1964,0,0
Portugal,PRT,1965,0,0
Portugal,PRT,1966,0,0
Portugal,PRT,1967,0,0
Portugal,PRT,1968,0,0
Portugal,PRT,1969,0,0
Portugal,PRT,1970,0,0
Portugal,PRT,1971,0,0
Portugal,PRT,1972,0,0
Portugal,PRT,1973,0,0
Portugal,PRT,1974,0,0
Portugal,PRT,1975,0,0
Portugal,PRT,1976,0,0
Portugal,PRT,1977,0,0
Portugal,PRT,1978,0,0
Portugal,PRT,1979,0,0
Portugal,PRT,1980,0,0
Portugal,PRT,1981,0,0
Portugal,PRT,1982,0,0
Portugal,PRT,1983,0,0
Portugal,PRT,1984,0,0
Portugal,PRT,1985,0,0
Portugal,PRT,1986,0,0
Portugal,PRT,1987,0,0
Portugal,PRT,1988,0,0
Portugal,PRT,1989,0,0
Portugal,PRT,1990,0,0
Portugal,PRT,1991,0,0
Portugal,PRT,1992,0,0
Portugal,PRT,1993,1,1
Portugal,PRT,1994,0,1
Portugal,PRT,1995,0,1
Portugal,PRT,1996,0,1
Portugal,PRT,1997,0,1
Portugal,PRT,1998,0,1
Portugal,PRT,1999,0,1
Portugal,PRT,2000,0,1
Portugal,PRT,2001,0,1
Portugal,PRT,2002,0,1
Portugal,PRT,2003,0,1
Portugal,PRT,2004,0,1
Portugal,PRT,2005,0,1
Portugal,PRT,2006,0,1
Portugal,PRT,2007,0,1
Portugal,PRT,2008,0,1
Portugal,PRT,2009,0,1
Portugal,PRT,2010,0,1
Portugal,PRT,2011,0,1
Portugal,PRT,2012,0,1
Portugal,PRT,2013,0,1
Portugal,PRT,2014,0,1
Portugal,PRT,2015,0,1
Portugal,PRT,2016,0,1
Portugal,PRT,2017,0,1
Portugal,PRT,2018,0,1
Portugal,PRT,2019,0,1
Portugal,PRT,2020,0,1
Portugal,PRT,2021,0,1
Portugal,PRT,2022,0,1
Portugal,PRT,2023,0,1
Portugal,PRT,2024,2,3
Portugal,PRT,2025,2,5
Qatar,QAT,1957,0,0
Qatar,QAT,1958,0,0
Qatar,QAT,1959,0,0
Qatar,QAT,1960,0,0
Qatar,QAT,1961,0,0
Qatar,QAT,1962,0,0
Qatar,QAT,1963,0,0
Qatar,QAT,1964,0,0
Qatar,QAT,1965,0,0
Qatar,QAT,1966,0,0
Qatar,QAT,1967,0,0
Qatar,QAT,1968,0,0
Qatar,QAT,1969,0,0
Qatar,QAT,1970,0,0
Qatar,QAT,1971,0,0
Qatar,QAT,1972,0,0
Qatar,QAT,1973,0,0
Qatar,QAT,1974,0,0
Qatar,QAT,1975,0,0
Qatar,QAT,1976,0,0
Qatar,QAT,1977,0,0
Qatar,QAT,1978,0,0
Qatar,QAT,1979,0,0
Qatar,QAT,1980,0,0
Qatar,QAT,1981,0,0
Qatar,QAT,1982,0,0
Qatar,QAT,1983,0,0
Qatar,QAT,1984,0,0
Qatar,QAT,1985,0,0
Qatar,QAT,1986,0,0
Qatar,QAT,1987,0,0
Qatar,QAT,1988,0,0
Qatar,QAT,1989,0,0
Qatar,QAT,1990,0,0
Qatar,QAT,1991,0,0
Qatar,QAT,1992,0,0
Qatar,QAT,1993,0,0
Qatar,QAT,1994,0,0
Qatar,QAT,1995,0,0
Qatar,QAT,1996,0,0
Qatar,QAT,1997,0,0
Qatar,QAT,1998,0,0
Qatar,QAT,1999,0,0
Qatar,QAT,2000,0,0
Qatar,QAT,2001,0,0
Qatar,QAT,2002,0,0
Qatar,QAT,2003,0,0
Qatar,QAT,2004,0,0
Qatar,QAT,2005,0,0
Qatar,QAT,2006,0,0
Qatar,QAT,2007,0,0
Qatar,QAT,2008,0,0
Qatar,QAT,2009,0,0
Qatar,QAT,2010,0,0
Qatar,QAT,2011,0,0
Qatar,QAT,2012,0,0
Qatar,QAT,2013,0,0
Qatar,QAT,2014,0,0
Qatar,QAT,2015,0,0
Qatar,QAT,2016,0,0
Qatar,QAT,2017,0,0
Qatar,QAT,2018,1,1
Qatar,QAT,2019,0,1
Qatar,QAT,2020,0,1
Qatar,QAT,2021,0,1
Qatar,QAT,2022,0,1
Qatar,QAT,2023,0,1
Qatar,QAT,2024,0,1
Qatar,QAT,2025,1,2
Romania,ROU,1957,0,0
Romania,ROU,1958,0,0
Romania,ROU,1959,0,0
Romania,ROU,1960,0,0
Romania,ROU,1961,0,0
Romania,ROU,1962,0,0
Romania,ROU,1963,0,0
Romania,ROU,1964,0,0
Romania,ROU,1965,0,0
Romania,ROU,1966,0,0
Romania,ROU,1967,0,0
Romania,ROU,1968,0,0
Romania,ROU,1969,0,0
Romania,ROU,1970,0,0
Romania,ROU,1971,0,0
Romania,ROU,1972,0,0
Romania,ROU,1973,0,0
Romania,ROU,1974,0,0
Romania,ROU,1975,0,0
Romania,ROU,1976,0,0
Romania,ROU,1977,0,0
Romania,ROU,1978,0,0
Romania,ROU,1979,0,0
Romania,ROU,1980,0,0
Romania,ROU,1981,0,0
Romania,ROU,1982,0,0
Romania,ROU,1983,0,0
Romania,ROU,1984,0,0
Romania,ROU,1985,0,0
Romania,ROU,1986,0,0
Romania,ROU,1987,0,0
Romania,ROU,1988,0,0
Romania,ROU,1989,0,0
Romania,ROU,1990,0,0
Romania,ROU,1991,0,0
Romania,ROU,1992,0,0
Romania,ROU,1993,0,0
Romania,ROU,1994,0,0
Romania,ROU,1995,0,0
Romania,ROU,1996,0,0
Romania,ROU,1997,0,0
Romania,ROU,1998,0,0
Romania,ROU,1999,0,0
Romania,ROU,2000,0,0
Romania,ROU,2001,0,0
Romania,ROU,2002,0,0
Romania,ROU,2003,0,0
Romania,ROU,2004,0,0
Romania,ROU,2005,0,0
Romania,ROU,2006,0,0
Romania,ROU,2007,0,0
Romania,ROU,2008,0,0
Romania,ROU,2009,0,0
Romania,ROU,2010,0,0
Romania,ROU,2011,0,0
Romania,ROU,2012,1,1
Romania,ROU,2013,0,1
Romania,ROU,2014,0,1
Romania,ROU,2015,0,1
Romania,ROU,2016,0,1
Romania,ROU,2017,0,1
Romania,ROU,2018,0,1
Romania,ROU,2019,0,1
Romania,ROU,2020,0,1
Romania,ROU,2021,0,1
Romania,ROU,2022,0,1
Romania,ROU,2023,1,2
Romania,ROU,2024,0,2
Romania,ROU,2025,0,2
Russia,RUS,1957,2,2
Russia,RUS,1958,1,3
Russia,RUS,1959,3,6
Russia,RUS,1960,3,9
Russia,RUS,1961,7,16
Russia,RUS,1962,20,36
Russia,RUS,1963,17,53
Russia,RUS,1964,35,88
Russia,RUS,1965,64,152
Russia,RUS,1966,44,196
Russia,RUS,1967,66,262
Russia,RUS,1968,74,336
Russia,RUS,1969,70,406
Russia,RUS,1970,88,494
Russia,RUS,1971,98,592
Russia,RUS,1972,89,681
Russia,RUS,1973,109,790
Russia,RUS,1974,95,885
Russia,RUS,1975,111,996
Russia,RUS,1976,121,1117
Russia,RUS,1977,104,1221
Russia,RUS,1978,119,1340
Russia,RUS,1979,101,1441
Russia,RUS,1980,110,1551
Russia,RUS,1981,124,1675
Russia,RUS,1982,119,1794
Russia,RUS,1983,116,1910
Russia,RUS,1984,115,2025
Russia,RUS,1985,119,2144
Russia,RUS,1986,114,2258
Russia,RUS,1987,116,2374
Russia,RUS,1988,109,2483
Russia,RUS,1989,99,2582
Russia,RUS,1990,96,2678
Russia,RUS,1991,83,2761
Russia,RUS,1992,78,2839
Russia,RUS,1993,59,2898
Russia,RUS,1994,64,2962
Russia,RUS,1995,36,2998
Russia,RUS,1996,28,3026
Russia,RUS,1997,28,3054
Russia,RUS,1998,27,3081
Russia,RUS,1999,15,3096
Russia,RUS,2000,23,3119
Russia,RUS,2001,30,3149
Russia,RUS,2002,19,3168
Russia,RUS,2003,22,3190
Russia,RUS,2004,19,3209
Russia,RUS,2005,19,3228
Russia,RUS,2006,16,3244
Russia,RUS,2007,18,3262
Russia,RUS,2008,21,3283
Russia,RUS,2009,30,3313
Russia,RUS,2010,24,3337
Russia,RUS,2011,24,3361
Russia,RUS,2012,23,3384
Russia,RUS,2013,29,3413
Russia,RUS,2014,35,3448
Russia,RUS,2015,27,3475
Russia,RUS,2016,14,3489
Russia,RUS,2017,25,3514
Russia,RUS,2018,23,3537
Russia,RUS,2019,30,3567
Russia,RUS,2020,24,3591
Russia,RUS,2021,21,3612
Russia,RUS,2022,50,3662
Russia,RUS,2023,66,3728
Russia,RUS,2024,97,3825
Russia,RUS,2025,89,3914
Rwanda,RWA,1957,0,0
Rwanda,RWA,1958,0,0
Rwanda,RWA,1959,0,0
Rwanda,RWA,1960,0,0
Rwanda,RWA,1961,0,0
Rwanda,RWA,1962,0,0
Rwanda,RWA,1963,0,0
Rwanda,RWA,1964,0,0
Rwanda,RWA,1965,0,0
Rwanda,RWA,1966,0,0
Rwanda,RWA,1967,0,0
Rwanda,RWA,1968,0,0
Rwanda,RWA,1969,0,0
Rwanda,RWA,1970,0,0
Rwanda,RWA,1971,0,0
Rwanda,RWA,1972,0,0
Rwanda,RWA,1973,0,0
Rwanda,RWA,1974,0,0
Rwanda,RWA,1975,0,0
Rwanda,RWA,1976,0,0
Rwanda,RWA,1977,0,0
Rwanda,RWA,1978,0,0
Rwanda,RWA,1979,0,0
Rwanda,RWA,1980,0,0
Rwanda,RWA,1981,0,0
Rwanda,RWA,1982,0,0
Rwanda,RWA,1983,0,0
Rwanda,RWA,1984,0,0
Rwanda,RWA,1985,0,0
Rwanda,RWA,1986,0,0
Rwanda,RWA,1987,0,0
Rwanda,RWA,1988,0,0
Rwanda,RWA,1989,0,0
Rwanda,RWA,1990,0,0
Rwanda,RWA,1991,0,0
Rwanda,RWA,1992,0,0
Rwanda,RWA,1993,0,0
Rwanda,RWA,1994,0,0
Rwanda,RWA,1995,0,0
Rwanda,RWA,1996,0,0
Rwanda,RWA,1997,0,0
Rwanda,RWA,1998,0,0
Rwanda,RWA,1999,0,0
Rwanda,RWA,2000,0,0
Rwanda,RWA,2001,0,0
Rwanda,RWA,2002,0,0
Rwanda,RWA,2003,0,0
Rwanda,RWA,2004,0,0
Rwanda,RWA,2005,0,0
Rwanda,RWA,2006,0,0
Rwanda,RWA,2007,0,0
Rwanda,RWA,2008,0,0
Rwanda,RWA,2009,0,0
Rwanda,RWA,2010,0,0
Rwanda,RWA,2011,0,0
Rwanda,RWA,2012,0,0
Rwanda,RWA,2013,0,0
Rwanda,RWA,2014,0,0
Rwanda,RWA,2015,0,0
Rwanda,RWA,2016,0,0
Rwanda,RWA,2017,0,0
Rwanda,RWA,2018,0,0
Rwanda,RWA,2019,0,0
Rwanda,RWA,2020,0,0
Rwanda,RWA,2021,1,1
Rwanda,RWA,2022,0,1
Rwanda,RWA,2023,3,4
Rwanda,RWA,2024,3,7
Rwanda,RWA,2025,5,12
Saudi Arabia,SAU,1957,0,0
Saudi Arabia,SAU,1958,0,0
Saudi Arabia,SAU,1959,0,0
Saudi Arabia,SAU,1960,0,0
Saudi Arabia,SAU,1961,0,0
Saudi Arabia,SAU,1962,0,0
Saudi Arabia,SAU,1963,0,0
Saudi Arabia,SAU,1964,0,0
Saudi Arabia,SAU,1965,0,0
Saudi Arabia,SAU,1966,0,0
Saudi Arabia,SAU,1967,0,0
Saudi Arabia,SAU,1968,0,0
Saudi Arabia,SAU,1969,0,0
Saudi Arabia,SAU,1970,0,0
Saudi Arabia,SAU,1971,0,0
Saudi Arabia,SAU,1972,0,0
Saudi Arabia,SAU,1973,0,0
Saudi Arabia,SAU,1974,0,0
Saudi Arabia,SAU,1975,0,0
Saudi Arabia,SAU,1976,0,0
Saudi Arabia,SAU,1977,0,0
Saudi Arabia,SAU,1978,0,0
Saudi Arabia,SAU,1979,0,0
Saudi Arabia,SAU,1980,0,0
Saudi Arabia,SAU,1981,0,0
Saudi Arabia,SAU,1982,0,0
Saudi Arabia,SAU,1983,0,0
Saudi Arabia,SAU,1984,0,0
Saudi Arabia,SAU,1985,0,0
Saudi Arabia,SAU,1986,0,0
Saudi Arabia,SAU,1987,0,0
Saudi Arabia,SAU,1988,0,0
Saudi Arabia,SAU,1989,0,0
Saudi Arabia,SAU,1990,0,0
Saudi Arabia,SAU,1991,0,0
Saudi Arabia,SAU,1992,0,0
Saudi Arabia,SAU,1993,0,0
Saudi Arabia,SAU,1994,0,0
Saudi Arabia,SAU,1995,0,0
Saudi Arabia,SAU,1996,0,0
Saudi Arabia,SAU,1997,0,0
Saudi Arabia,SAU,1998,0,0
Saudi Arabia,SAU,1999,0,0
Saudi Arabia,SAU,2000,2,2
Saudi Arabia,SAU,2001,0,2
Saudi Arabia,SAU,2002,1,3
Saudi Arabia,SAU,2003,0,3
Saudi Arabia,SAU,2004,3,6
Saudi Arabia,SAU,2005,0,6
Saudi Arabia,SAU,2006,0,6
Saudi Arabia,SAU,2007,6,12
Saudi Arabia,SAU,2008,0,12
Saudi Arabia,SAU,2009,0,12
Saudi Arabia,SAU,2010,0,12
Saudi Arabia,SAU,2011,0,12
Saudi Arabia,SAU,2012,0,12
Saudi Arabia,SAU,2013,0,12
Saudi Arabia,SAU,2014,1,13
Saudi Arabia,SAU,2015,0,13
Saudi Arabia,SAU,2016,0,13
Saudi Arabia,SAU,2017,0,13
Saudi Arabia,SAU,2018,2,15
Saudi Arabia,SAU,2019,0,15
Saudi Arabia,SAU,2020,0,15
Saudi Arabia,SAU,2021,2,17
Saudi Arabia,SAU,2022,0,17
Saudi Arabia,SAU,2023,0,17
Saudi Arabia,SAU,2024,0,17
Saudi Arabia,SAU,2025,2,19
Senegal,SEN,1957,0,0
Senegal,SEN,1958,0,0
Senegal,SEN,1959,0,0
Senegal,SEN,1960,0,0
Senegal,SEN,1961,0,0
Senegal,SEN,1962,0,0
Senegal,SEN,1963,0,0
Senegal,SEN,1964,0,0
Senegal,SEN,1965,0,0
Senegal,SEN,1966,0,0
Senegal,SEN,1967,0,0
Senegal,SEN,1968,0,0
Senegal,SEN,1969,0,0
Senegal,SEN,1970,0,0
Senegal,SEN,1971,0,0
Senegal,SEN,1972,0,0
Senegal,SEN,1973,0,0
Senegal,SEN,1974,0,0
Senegal,SEN,1975,0,0
Senegal,SEN,1976,0,0
Senegal,SEN,1977,0,0
Senegal,SEN,1978,0,0
Senegal,SEN,1979,0,0
Senegal,SEN,1980,0,0
Senegal,SEN,1981,0,0
Senegal,SEN,1982,0,0
Senegal,SEN,1983,0,0
Senegal,SEN,1984,0,0
Senegal,SEN,1985,0,0
Senegal,SEN,1986,0,0
Senegal,SEN,1987,0,0
Senegal,SEN,1988,0,0
Senegal,SEN,1989,0,0
Senegal,SEN,1990,0,0
Senegal,SEN,1991,0,0
Senegal,SEN,1992,0,0
Senegal,SEN,1993,0,0
Senegal,SEN,1994,0,0
Senegal,SEN,1995,0,0
Senegal,SEN,1996,0,0
Senegal,SEN,1997,0,0
Senegal,SEN,1998,0,0
Senegal,SEN,1999,0,0
Senegal,SEN,2000,0,0
Senegal,SEN,2001,0,0
Senegal,SEN,2002,0,0
Senegal,SEN,2003,0,0
Senegal,SEN,2004,0,0
Senegal,SEN,2005,0,0
Senegal,SEN,2006,0,0
Senegal,SEN,2007,0,0
Senegal,SEN,2008,0,0
Senegal,SEN,2009,0,0
Senegal,SEN,2010,0,0
Senegal,SEN,2011,0,0
Senegal,SEN,2012,0,0
Senegal,SEN,2013,0,0
Senegal,SEN,2014,0,0
Senegal,SEN,2015,0,0
Senegal,SEN,2016,0,0
Senegal,SEN,2017,0,0
Senegal,SEN,2018,0,0
Senegal,SEN,2019,0,0
Senegal,SEN,2020,0,0
Senegal,SEN,2021,0,0
Senegal,SEN,2022,0,0
Senegal,SEN,2023,0,0
Senegal,SEN,2024,1,1
Senegal,SEN,2025,0,1
Singapore,SGP,1957,0,0
Singapore,SGP,1958,0,0
Singapore,SGP,1959,0,0
Singapore,SGP,1960,0,0
Singapore,SGP,1961,0,0
Singapore,SGP,1962,0,0
Singapore,SGP,1963,0,0
Singapore,SGP,1964,0,0
Singapore,SGP,1965,0,0
Singapore,SGP,1966,0,0
Singapore,SGP,1967,0,0
Singapore,SGP,1968,0,0
Singapore,SGP,1969,0,0
Singapore,SGP,1970,0,0
Singapore,SGP,1971,0,0
Singapore,SGP,1972,0,0
Singapore,SGP,1973,0,0
Singapore,SGP,1974,0,0
Singapore,SGP,1975,0,0
Singapore,SGP,1976,0,0
Singapore,SGP,1977,0,0
Singapore,SGP,1978,0,0
Singapore,SGP,1979,0,0
Singapore,SGP,1980,0,0
Singapore,SGP,1981,0,0
Singapore,SGP,1982,0,0
Singapore,SGP,1983,0,0
Singapore,SGP,1984,0,0
Singapore,SGP,1985,0,0
Singapore,SGP,1986,0,0
Singapore,SGP,1987,0,0
Singapore,SGP,1988,0,0
Singapore,SGP,1989,0,0
Singapore,SGP,1990,0,0
Singapore,SGP,1991,0,0
Singapore,SGP,1992,0,0
Singapore,SGP,1993,0,0
Singapore,SGP,1994,0,0
Singapore,SGP,1995,0,0
Singapore,SGP,1996,0,0
Singapore,SGP,1997,0,0
Singapore,SGP,1998,1,1
Singapore,SGP,1999,0,1
Singapore,SGP,2000,0,1
Singapore,SGP,2001,0,1
Singapore,SGP,2002,0,1
Singapore,SGP,2003,0,1
Singapore,SGP,2004,0,1
Singapore,SGP,2005,0,1
Singapore,SGP,2006,0,1
Singapore,SGP,2007,0,1
Singapore,SGP,2008,0,1
Singapore,SGP,2009,0,1
Singapore,SGP,2010,0,1
Singapore,SGP,2011,2,3
Singapore,SGP,2012,0,3
Singapore,SGP,2013,1,4
Singapore,SGP,2014,2,6
Singapore,SGP,2015,6,12
Singapore,SGP,2016,0,12
Singapore,SGP,2017,0,12
Singapore,SGP,2018,0,12
Singapore,SGP,2019,1,13
Singapore,SGP,2020,0,13
Singapore,SGP,2021,0,13
Singapore,SGP,2022,4,17
Singapore,SGP,2023,10,27
Singapore,SGP,2024,1,28
Singapore,SGP,2025,3,31
Slovakia,SVK,1957,0,0
Slovakia,SVK,1958,0,0
Slovakia,SVK,1959,0,0
Slovakia,SVK,1960,0,0
Slovakia,SVK,1961,0,0
Slovakia,SVK,1962,0,0
Slovakia,SVK,1963,0,0
Slovakia,SVK,1964,0,0
Slovakia,SVK,1965,0,0
Slovakia,SVK,1966,0,0
Slovakia,SVK,1967,0,0
Slovakia,SVK,1968,0,0
Slovakia,SVK,1969,0,0
Slovakia,SVK,1970,0,0
Slovakia,SVK,1971,0,0
Slovakia,SVK,1972,0,0
Slovakia,SVK,1973,0,0
Slovakia,SVK,1974,0,0
Slovakia,SVK,1975,0,0
Slovakia,SVK,1976,0,0
Slovakia,SVK,1977,0,0
Slovakia,SVK,1978,0,0
Slovakia,SVK,1979,0,0
Slovakia,SVK,1980,0,0
Slovakia,SVK,1981,0,0
Slovakia,SVK,1982,0,0
Slovakia,SVK,1983,0,0
Slovakia,SVK,1984,0,0
Slovakia,SVK,1985,0,0
Slovakia,SVK,1986,0,0
Slovakia,SVK,1987,0,0
Slovakia,SVK,1988,0,0
Slovakia,SVK,1989,0,0
Slovakia,SVK,1990,0,0
Slovakia,SVK,1991,0,0
Slovakia,SVK,1992,0,0
Slovakia,SVK,1993,0,0
Slovakia,SVK,1994,0,0
Slovakia,SVK,1995,0,0
Slovakia,SVK,1996,0,0
Slovakia,SVK,1997,0,0
Slovakia,SVK,1998,0,0
Slovakia,SVK,1999,0,0
Slovakia,SVK,2000,0,0
Slovakia,SVK,2001,0,0
Slovakia,SVK,2002,0,0
Slovakia,SVK,2003,0,0
Slovakia,SVK,2004,0,0
Slovakia,SVK,2005,0,0
Slovakia,SVK,2006,0,0
Slovakia,SVK,2007,0,0
Slovakia,SVK,2008,0,0
Slovakia,SVK,2009,0,0
Slovakia,SVK,2010,0,0
Slovakia,SVK,2011,0,0
Slovakia,SVK,2012,0,0
Slovakia,SVK,2013,0,0
Slovakia,SVK,2014,0,0
Slovakia,SVK,2015,0,0
Slovakia,SVK,2016,0,0
Slovakia,SVK,2017,1,1
Slovakia,SVK,2018,0,1
Slovakia,SVK,2019,0,1
Slovakia,SVK,2020,0,1
Slovakia,SVK,2021,1,2
Slovakia,SVK,2022,0,2
Slovakia,SVK,2023,1,3
Slovakia,SVK,2024,1,4
Slovakia,SVK,2025,0,4
Slovenia,SVN,1957,0,0
Slovenia,SVN,1958,0,0
Slovenia,SVN,1959,0,0
Slovenia,SVN,1960,0,0
Slovenia,SVN,1961,0,0
Slovenia,SVN,1962,0,0
Slovenia,SVN,1963,0,0
Slovenia,SVN,1964,0,0
Slovenia,SVN,1965,0,0
Slovenia,SVN,1966,0,0
Slovenia,SVN,1967,0,0
Slovenia,SVN,1968,0,0
Slovenia,SVN,1969,0,0
Slovenia,SVN,1970,0,0
Slovenia,SVN,1971,0,0
Slovenia,SVN,1972,0,0
Slovenia,SVN,1973,0,0
Slovenia,SVN,1974,0,0
Slovenia,SVN,1975,0,0
Slovenia,SVN,1976,0,0
Slovenia,SVN,1977,0,0
Slovenia,SVN,1978,0,0
Slovenia,SVN,1979,0,0
Slovenia,SVN,1980,0,0
Slovenia,SVN,1981,0,0
Slovenia,SVN,1982,0,0
Slovenia,SVN,1983,0,0
Slovenia,SVN,1984,0,0
Slovenia,SVN,1985,0,0
Slovenia,SVN,1986,0,0
Slovenia,SVN,1987,0,0
Slovenia,SVN,1988,0,0
Slovenia,SVN,1989,0,0
Slovenia,SVN,1990,0,0
Slovenia,SVN,1991,0,0
Slovenia,SVN,1992,0,0
Slovenia,SVN,1993,0,0
Slovenia,SVN,1994,0,0
Slovenia,SVN,1995,0,0
Slovenia,SVN,1996,0,0
Slovenia,SVN,1997,0,0
Slovenia,SVN,1998,0,0
Slovenia,SVN,1999,0,0
Slovenia,SVN,2000,0,0
Slovenia,SVN,2001,0,0
Slovenia,SVN,2002,0,0
Slovenia,SVN,2003,0,0
Slovenia,SVN,2004,0,0
Slovenia,SVN,2005,0,0
Slovenia,SVN,2006,0,0
Slovenia,SVN,2007,0,0
Slovenia,SVN,2008,0,0
Slovenia,SVN,2009,0,0
Slovenia,SVN,2010,0,0
Slovenia,SVN,2011,0,0
Slovenia,SVN,2012,0,0
Slovenia,SVN,2013,0,0
Slovenia,SVN,2014,0,0
Slovenia,SVN,2015,0,0
Slovenia,SVN,2016,0,0
Slovenia,SVN,2017,0,0
Slovenia,SVN,2018,0,0
Slovenia,SVN,2019,0,0
Slovenia,SVN,2020,2,2
Slovenia,SVN,2021,0,2
Slovenia,SVN,2022,1,3
Slovenia,SVN,2023,0,3
Slovenia,SVN,2024,0,3
Slovenia,SVN,2025,0,3
Solomon Islands,SLB,1957,0,0
Solomon Islands,SLB,1958,0,0
Solomon Islands,SLB,1959,0,0
Solomon Islands,SLB,1960,0,0
Solomon Islands,SLB,1961,0,0
Solomon Islands,SLB,1962,0,0
Solomon Islands,SLB,1963,0,0
Solomon Islands,SLB,1964,0,0
Solomon Islands,SLB,1965,0,0
Solomon Islands,SLB,1966,0,0
Solomon Islands,SLB,1967,0,0
Solomon Islands,SLB,1968,0,0
Solomon Islands,SLB,1969,0,0
Solomon Islands,SLB,1970,0,0
Solomon Islands,SLB,1971,0,0
Solomon Islands,SLB,1972,0,0
Solomon Islands,SLB,1973,0,0
Solomon Islands,SLB,1974,0,0
Solomon Islands,SLB,1975,0,0
Solomon Islands,SLB,1976,0,0
Solomon Islands,SLB,1977,0,0
Solomon Islands,SLB,1978,0,0
Solomon Islands,SLB,1979,0,0
Solomon Islands,SLB,1980,0,0
Solomon Islands,SLB,1981,0,0
Solomon Islands,SLB,1982,0,0
Solomon Islands,SLB,1983,0,0
Solomon Islands,SLB,1984,0,0
Solomon Islands,SLB,1985,0,0
Solomon Islands,SLB,1986,0,0
Solomon Islands,SLB,1987,0,0
Solomon Islands,SLB,1988,0,0
Solomon Islands,SLB,1989,0,0
Solomon Islands,SLB,1990,0,0
Solomon Islands,SLB,1991,0,0
Solomon Islands,SLB,1992,0,0
Solomon Islands,SLB,1993,0,0
Solomon Islands,SLB,1994,0,0
Solomon Islands,SLB,1995,0,0
Solomon Islands,SLB,1996,0,0
Solomon Islands,SLB,1997,0,0
Solomon Islands,SLB,1998,0,0
Solomon Islands,SLB,1999,0,0
Solomon Islands,SLB,2000,0,0
Solomon Islands,SLB,2001,0,0
Solomon Islands,SLB,2002,0,0
Solomon Islands,SLB,2003,0,0
Solomon Islands,SLB,2004,0,0
Solomon Islands,SLB,2005,0,0
Solomon Islands,SLB,2006,0,0
Solomon Islands,SLB,2007,0,0
Solomon Islands,SLB,2008,0,0
Solomon Islands,SLB,2009,0,0
Solomon Islands,SLB,2010,0,0
Solomon Islands,SLB,2011,0,0
Solomon Islands,SLB,2012,0,0
Solomon Islands,SLB,2013,0,0
Solomon Islands,SLB,2014,0,0
Solomon Islands,SLB,2015,0,0
Solomon Islands,SLB,2016,0,0
Solomon Islands,SLB,2017,0,0
Solomon Islands,SLB,2018,0,0
Solomon Islands,SLB,2019,0,0
Solomon Islands,SLB,2020,0,0
Solomon Islands,SLB,2021,0,0
Solomon Islands,SLB,2022,0,0
Solomon Islands,SLB,2023,0,0
Solomon Islands,SLB,2024,0,0
Solomon Islands,SLB,2025,1,1
South Africa,ZAF,1957,0,0
South Africa,ZAF,1958,0,0
South Africa,ZAF,1959,0,0
South Africa,ZAF,1960,0,0
South Africa,ZAF,1961,0,0
South Africa,ZAF,1962,0,0
South Africa,ZAF,1963,0,0
South Africa,ZAF,1964,0,0
South Africa,ZAF,1965,0,0
South Africa,ZAF,1966,0,0
South Africa,ZAF,1967,0,0
South Africa,ZAF,1968,0,0
South Africa,ZAF,1969,0,0
South Africa,ZAF,1970,0,0
South Africa,ZAF,1971,0,0
South Africa,ZAF,1972,0,0
South Africa,ZAF,1973,0,0
South Africa,ZAF,1974,0,0
South Africa,ZAF,1975,0,0
South Africa,ZAF,1976,0,0
South Africa,ZAF,1977,0,0
South Africa,ZAF,1978,0,0
South Africa,ZAF,1979,0,0
South Africa,ZAF,1980,0,0
South Africa,ZAF,1981,0,0
South Africa,ZAF,1982,0,0
South Africa,ZAF,1983,0,0
South Africa,ZAF,1984,0,0
South Africa,ZAF,1985,0,0
South Africa,ZAF,1986,0,0
South Africa,ZAF,1987,0,0
South Africa,ZAF,1988,0,0
South Africa,ZAF,1989,0,0
South Africa,ZAF,1990,0,0
South Africa,ZAF,1991,0,0
South Africa,ZAF,1992,0,0
South Africa,ZAF,1993,0,0
South Africa,ZAF,1994,0,0
South Africa,ZAF,1995,0,0
South Africa,ZAF,1996,0,0
South Africa,ZAF,1997,0,0
South Africa,ZAF,1998,0,0
South Africa,ZAF,1999,1,1
South Africa,ZAF,2000,0,1
South Africa,ZAF,2001,0,1
South Africa,ZAF,2002,0,1
South Africa,ZAF,2003,0,1
South Africa,ZAF,2004,0,1
South Africa,ZAF,2005,0,1
South Africa,ZAF,2006,0,1
South Africa,ZAF,2007,0,1
South Africa,ZAF,2008,0,1
South Africa,ZAF,2009,1,2
South Africa,ZAF,2010,0,2
South Africa,ZAF,2011,0,2
South Africa,ZAF,2012,0,2
South Africa,ZAF,2013,1,3
South Africa,ZAF,2014,1,4
South Africa,ZAF,2015,0,4
South Africa,ZAF,2016,0,4
South Africa,ZAF,2017,0,4
South Africa,ZAF,2018,1,5
South Africa,ZAF,2019,0,5
South Africa,ZAF,2020,0,5
South Africa,ZAF,2021,0,5
South Africa,ZAF,2022,3,8
South Africa,ZAF,2023,1,9
South Africa,ZAF,2024,0,9
South Africa,ZAF,2025,0,9
South Korea,KOR,1957,0,0
South Korea,KOR,1958,0,0
South Korea,KOR,1959,0,0
South Korea,KOR,1960,0,0
South Korea,KOR,1961,0,0
South Korea,KOR,1962,0,0
South Korea,KOR,1963,0,0
South Korea,KOR,1964,0,0
South Korea,KOR,1965,0,0
South Korea,KOR,1966,0,0
South Korea,KOR,1967,0,0
South Korea,KOR,1968,0,0
South Korea,KOR,1969,0,0
South Korea,KOR,1970,0,0
South Korea,KOR,1971,0,0
South Korea,KOR,1972,0,0
South Korea,KOR,1973,0,0
South Korea,KOR,1974,0,0
South Korea,KOR,1975,0,0
South Korea,KOR,1976,0,0
South Korea,KOR,1977,0,0
South Korea,KOR,1978,0,0
South Korea,KOR,1979,0,0
South Korea,KOR,1980,0,0
South Korea,KOR,1981,0,0
South Korea,KOR,1982,0,0
South Korea,KOR,1983,0,0
South Korea,KOR,1984,0,0
South Korea,KOR,1985,0,0
South Korea,KOR,1986,0,0
South Korea,KOR,1987,0,0
South Korea,KOR,1988,0,0
South Korea,KOR,1989,0,0
South Korea,KOR,1990,0,0
South Korea,KOR,1991,0,0
South Korea,KOR,1992,1,1
South Korea,KOR,1993,1,2
South Korea,KOR,1994,0,2
South Korea,KOR,1995,1,3
South Korea,KOR,1996,1,4
South Korea,KOR,1997,0,4
South Korea,KOR,1998,0,4
South Korea,KOR,1999,3,7
South Korea,KOR,2000,0,7
South Korea,KOR,2001,0,7
South Korea,KOR,2002,0,7
South Korea,KOR,2003,1,8
South Korea,KOR,2004,1,9
South Korea,KOR,2005,0,9
South Korea,KOR,2006,2,11
South Korea,KOR,2007,0,11
South Korea,KOR,2008,0,11
South Korea,KOR,2009,0,11
South Korea,KOR,2010,2,13
South Korea,KOR,2011,0,13
South Korea,KOR,2012,1,14
South Korea,KOR,2013,6,20
South Korea,KOR,2014,0,20
South Korea,KOR,2015,1,21
South Korea,KOR,2016,0,21
South Korea,KOR,2017,5,26
South Korea,KOR,2018,11,37
South Korea,KOR,2019,0,37
South Korea,KOR,2020,2,39
South Korea,KOR,2021,4,43
South Korea,KOR,2022,8,51
South Korea,KOR,2023,12,63
South Korea,KOR,2024,5,68
South Korea,KOR,2025,22,90
Spain,ESP,1957,0,0
Spain,ESP,1958,0,0
Spain,ESP,1959,0,0
Spain,ESP,1960,0,0
Spain,ESP,1961,0,0
Spain,ESP,1962,0,0
Spain,ESP,1963,0,0
Spain,ESP,1964,0,0
Spain,ESP,1965,0,0
Spain,ESP,1966,0,0
Spain,ESP,1967,0,0
Spain,ESP,1968,0,0
Spain,ESP,1969,0,0
Spain,ESP,1970,0,0
Spain,ESP,1971,0,0
Spain,ESP,1972,0,0
Spain,ESP,1973,0,0
Spain,ESP,1974,1,1
Spain,ESP,1975,0,1
Spain,ESP,1976,0,1
Spain,ESP,1977,0,1
Spain,ESP,1978,0,1
Spain,ESP,1979,0,1
Spain,ESP,1980,0,1
Spain,ESP,1981,0,1
Spain,ESP,1982,0,1
Spain,ESP,1983,0,1
Spain,ESP,1984,0,1
Spain,ESP,1985,0,1
Spain,ESP,1986,0,1
Spain,ESP,1987,0,1
Spain,ESP,1988,0,1
Spain,ESP,1989,0,1
Spain,ESP,1990,0,1
Spain,ESP,1991,0,1
Spain,ESP,1992,1,2
Spain,ESP,1993,1,3
Spain,ESP,1994,0,3
Spain,ESP,1995,1,4
Spain,ESP,1996,0,4
Spain,ESP,1997,1,5
Spain,ESP,1998,0,5
Spain,ESP,1999,0,5
Spain,ESP,2000,1,6
Spain,ESP,2001,0,6
Spain,ESP,2002,1,7
Spain,ESP,2003,0,7
Spain,ESP,2004,1,8
Spain,ESP,2005,0,8
Spain,ESP,2006,1,9
Spain,ESP,2007,0,9
Spain,ESP,2008,0,9
Spain,ESP,2009,2,11
Spain,ESP,2010,1,12
Spain,ESP,2011,0,12
Spain,ESP,2012,1,13
Spain,ESP,2013,2,15
Spain,ESP,2014,1,16
Spain,ESP,2015,0,16
Spain,ESP,2016,1,17
Spain,ESP,2017,1,18
Spain,ESP,2018,5,23
Spain,ESP,2019,2,25
Spain,ESP,2020,3,28
Spain,ESP,2021,1,29
Spain,ESP,2022,19,48
Spain,ESP,2023,13,61
Spain,ESP,2024,8,69
Spain,ESP,2025,17,86
Sri Lanka,LKA,1957,0,0
Sri Lanka,LKA,1958,0,0
Sri Lanka,LKA,1959,0,0
Sri Lanka,LKA,1960,0,0
Sri Lanka,LKA,1961,0,0
Sri Lanka,LKA,1962,0,0
Sri Lanka,LKA,1963,0,0
Sri Lanka,LKA,1964,0,0
Sri Lanka,LKA,1965,0,0
Sri Lanka,LKA,1966,0,0
Sri Lanka,LKA,1967,0,0
Sri Lanka,LKA,1968,0,0
Sri Lanka,LKA,1969,0,0
Sri Lanka,LKA,1970,0,0
Sri Lanka,LKA,1971,0,0
Sri Lanka,LKA,1972,0,0
Sri Lanka,LKA,1973,0,0
Sri Lanka,LKA,1974,0,0
Sri Lanka,LKA,1975,0,0
Sri Lanka,LKA,1976,0,0
Sri Lanka,LKA,1977,0,0
Sri Lanka,LKA,1978,0,0
Sri Lanka,LKA,1979,0,0
Sri Lanka,LKA,1980,0,0
Sri Lanka,LKA,1981,0,0
Sri Lanka,LKA,1982,0,0
Sri Lanka,LKA,1983,0,0
Sri Lanka,LKA,1984,0,0
Sri Lanka,LKA,1985,0,0
Sri Lanka,LKA,1986,0,0
Sri Lanka,LKA,1987,0,0
Sri Lanka,LKA,1988,0,0
Sri Lanka,LKA,1989,0,0
Sri Lanka,LKA,1990,0,0
Sri Lanka,LKA,1991,0,0
Sri Lanka,LKA,1992,0,0
Sri Lanka,LKA,1993,0,0
Sri Lanka,LKA,1994,0,0
Sri Lanka,LKA,1995,0,0
Sri Lanka,LKA,1996,0,0
Sri Lanka,LKA,1997,0,0
Sri Lanka,LKA,1998,0,0
Sri Lanka,LKA,1999,0,0
Sri Lanka,LKA,2000,0,0
Sri Lanka,LKA,2001,0,0
Sri Lanka,LKA,2002,0,0
Sri Lanka,LKA,2003,0,0
Sri Lanka,LKA,2004,0,0
Sri Lanka,LKA,2005,0,0
Sri Lanka,LKA,2006,0,0
Sri Lanka,LKA,2007,0,0
Sri Lanka,LKA,2008,0,0
Sri Lanka,LKA,2009,0,0
Sri Lanka,LKA,2010,0,0
Sri Lanka,LKA,2011,0,0
Sri Lanka,LKA,2012,0,0
Sri Lanka,LKA,2013,0,0
Sri Lanka,LKA,2014,0,0
Sri Lanka,LKA,2015,0,0
Sri Lanka,LKA,2016,0,0
Sri Lanka,LKA,2017,0,0
Sri Lanka,LKA,2018,0,0
Sri Lanka,LKA,2019,1,1
Sri Lanka,LKA,2020,0,1
Sri Lanka,LKA,2021,0,1
Sri Lanka,LKA,2022,0,1
Sri Lanka,LKA,2023,0,1
Sri Lanka,LKA,2024,0,1
Sri Lanka,LKA,2025,0,1
Sweden,SWE,1957,0,0
Sweden,SWE,1958,0,0
Sweden,SWE,1959,0,0
Sweden,SWE,1960,0,0
Sweden,SWE,1961,0,0
Sweden,SWE,1962,0,0
Sweden,SWE,1963,0,0
Sweden,SWE,1964,0,0
Sweden,SWE,1965,0,0
Sweden,SWE,1966,0,0
Sweden,SWE,1967,0,0
Sweden,SWE,1968,0,0
Sweden,SWE,1969,0,0
Sweden,SWE,1970,0,0
Sweden,SWE,1971,0,0
Sweden,SWE,1972,0,0
Sweden,SWE,1973,0,0
Sweden,SWE,1974,0,0
Sweden,SWE,1975,0,0
Sweden,SWE,1976,0,0
Sweden,SWE,1977,0,0
Sweden,SWE,1978,0,0
Sweden,SWE,1979,0,0
Sweden,SWE,1980,0,0
Sweden,SWE,1981,0,0
Sweden,SWE,1982,0,0
Sweden,SWE,1983,0,0
Sweden,SWE,1984,0,0
Sweden,SWE,1985,0,0
Sweden,SWE,1986,1,1
Sweden,SWE,1987,0,1
Sweden,SWE,1988,0,1
Sweden,SWE,1989,3,4
Sweden,SWE,1990,0,4
Sweden,SWE,1991,0,4
Sweden,SWE,1992,1,5
Sweden,SWE,1993,0,5
Sweden,SWE,1994,0,5
Sweden,SWE,1995,1,6
Sweden,SWE,1996,0,6
Sweden,SWE,1997,1,7
Sweden,SWE,1998,2,9
Sweden,SWE,1999,0,9
Sweden,SWE,2000,2,11
Sweden,SWE,2001,1,12
Sweden,SWE,2002,0,12
Sweden,SWE,2003,0,12
Sweden,SWE,2004,0,12
Sweden,SWE,2005,0,12
Sweden,SWE,2006,0,12
Sweden,SWE,2007,1,13
Sweden,SWE,2008,0,13
Sweden,SWE,2009,0,13
Sweden,SWE,2010,2,15
Sweden,SWE,2011,0,15
Sweden,SWE,2012,2,17
Sweden,SWE,2013,0,17
Sweden,SWE,2014,0,17
Sweden,SWE,2015,0,17
Sweden,SWE,2016,0,17
Sweden,SWE,2017,1,18
Sweden,SWE,2018,0,18
Sweden,SWE,2019,1,19
Sweden,SWE,2020,0,19
Sweden,SWE,2021,0,19
Sweden,SWE,2022,0,19
Sweden,SWE,2023,0,19
Sweden,SWE,2024,2,21
Sweden,SWE,2025,0,21
Switzerland,CHE,1957,0,0
Switzerland,CHE,1958,0,0
Switzerland,CHE,1959,0,0
Switzerland,CHE,1960,0,0
Switzerland,CHE,1961,0,0
Switzerland,CHE,1962,0,0
Switzerland,CHE,1963,0,0
Switzerland,CHE,1964,0,0
Switzerland,CHE,1965,0,0
Switzerland,CHE,1966,0,0
Switzerland,CHE,1967,0,0
Switzerland,CHE,1968,0,0
Switzerland,CHE,1969,0,0
Switzerland,CHE,1970,0,0
Switzerland,CHE,1971,0,0
Switzerland,CHE,1972,0,0
Switzerland,CHE,1973,0,0
Switzerland,CHE,1974,0,0
Switzerland,CHE,1975,0,0
Switzerland,CHE,1976,0,0
Switzerland,CHE,1977,0,0
Switzerland,CHE,1978,0,0
Switzerland,CHE,1979,0,0
Switzerland,CHE,1980,0,0
Switzerland,CHE,1981,0,0
Switzerland,CHE,1982,0,0
Switzerland,CHE,1983,0,0
Switzerland,CHE,1984,0,0
Switzerland,CHE,1985,0,0
Switzerland,CHE,1986,0,0
Switzerland,CHE,1987,0,0
Switzerland,CHE,1988,0,0
Switzerland,CHE,1989,0,0
Switzerland,CHE,1990,0,0
Switzerland,CHE,1991,0,0
Switzerland,CHE,1992,0,0
Switzerland,CHE,1993,0,0
Switzerland,CHE,1994,0,0
Switzerland,CHE,1995,0,0
Switzerland,CHE,1996,0,0
Switzerland,CHE,1997,0,0
Switzerland,CHE,1998,0,0
Switzerland,CHE,1999,0,0
Switzerland,CHE,2000,0,0
Switzerland,CHE,2001,0,0
Switzerland,CHE,2002,0,0
Switzerland,CHE,2003,0,0
Switzerland,CHE,2004,0,0
Switzerland,CHE,2005,0,0
Switzerland,CHE,2006,0,0
Switzerland,CHE,2007,0,0
Switzerland,CHE,2008,0,0
Switzerland,CHE,2009,1,1
Switzerland,CHE,2010,1,2
Switzerland,CHE,2011,0,2
Switzerland,CHE,2012,0,2
Switzerland,CHE,2013,0,2
Switzerland,CHE,2014,0,2
Switzerland,CHE,2015,0,2
Switzerland,CHE,2016,0,2
Switzerland,CHE,2017,0,2
Switzerland,CHE,2018,1,3
Switzerland,CHE,2019,1,4
Switzerland,CHE,2020,1,5
Switzerland,CHE,2021,10,15
Switzerland,CHE,2022,4,19
Switzerland,CHE,2023,5,24
Switzerland,CHE,2024,0,24
Switzerland,CHE,2025,0,24
Taiwan,TWN,1957,0,0
Taiwan,TWN,1958,0,0
Taiwan,TWN,1959,0,0
Taiwan,TWN,1960,0,0
Taiwan,TWN,1961,0,0
Taiwan,TWN,1962,0,0
Taiwan,TWN,1963,0,0
Taiwan,TWN,1964,0,0
Taiwan,TWN,1965,0,0
Taiwan,TWN,1966,0,0
Taiwan,TWN,1967,0,0
Taiwan,TWN,1968,0,0
Taiwan,TWN,1969,0,0
Taiwan,TWN,1970,0,0
Taiwan,TWN,1971,0,0
Taiwan,TWN,1972,0,0
Taiwan,TWN,1973,0,0
Taiwan,TWN,1974,0,0
Taiwan,TWN,1975,0,0
Taiwan,TWN,1976,0,0
Taiwan,TWN,1977,0,0
Taiwan,TWN,1978,0,0
Taiwan,TWN,1979,0,0
Taiwan,TWN,1980,0,0
Taiwan,TWN,1981,0,0
Taiwan,TWN,1982,0,0
Taiwan,TWN,1983,0,0
Taiwan,TWN,1984,0,0
Taiwan,TWN,1985,0,0
Taiwan,TWN,1986,0,0
Taiwan,TWN,1987,0,0
Taiwan,TWN,1988,0,0
Taiwan,TWN,1989,0,0
Taiwan,TWN,1990,0,0
Taiwan,TWN,1991,0,0
Taiwan,TWN,1992,0,0
Taiwan,TWN,1993,0,0
Taiwan,TWN,1994,0,0
Taiwan,TWN,1995,0,0
Taiwan,TWN,1996,0,0
Taiwan,TWN,1997,0,0
Taiwan,TWN,1998,0,0
Taiwan,TWN,1999,1,1
Taiwan,TWN,2000,0,1
Taiwan,TWN,2001,0,1
Taiwan,TWN,2002,0,1
Taiwan,TWN,2003,0,1
Taiwan,TWN,2004,1,2
Taiwan,TWN,2005,0,2
Taiwan,TWN,2006,6,8
Taiwan,TWN,2007,0,8
Taiwan,TWN,2008,0,8
Taiwan,TWN,2009,0,8
Taiwan,TWN,2010,0,8
Taiwan,TWN,2011,0,8
Taiwan,TWN,2012,0,8
Taiwan,TWN,2013,0,8
Taiwan,TWN,2014,0,8
Taiwan,TWN,2015,0,8
Taiwan,TWN,2016,0,8
Taiwan,TWN,2017,1,9
Taiwan,TWN,2018,0,9
Taiwan,TWN,2019,6,15
Taiwan,TWN,2020,0,15
Taiwan,TWN,2021,2,17
Taiwan,TWN,2022,2,19
Taiwan,TWN,2023,6,25
Taiwan,TWN,2024,3,28
Taiwan,TWN,2025,10,38
Thailand,THA,1957,0,0
Thailand,THA,1958,0,0
Thailand,THA,1959,0,0
Thailand,THA,1960,0,0
Thailand,THA,1961,0,0
Thailand,THA,1962,0,0
Thailand,THA,1963,0,0
Thailand,THA,1964,0,0
Thailand,THA,1965,0,0
Thailand,THA,1966,0,0
Thailand,THA,1967,0,0
Thailand,THA,1968,0,0
Thailand,THA,1969,0,0
Thailand,THA,1970,0,0
Thailand,THA,1971,0,0
Thailand,THA,1972,0,0
Thailand,THA,1973,0,0
Thailand,THA,1974,0,0
Thailand,THA,1975,0,0
Thailand,THA,1976,0,0
Thailand,THA,1977,0,0
Thailand,THA,1978,0,0
Thailand,THA,1979,0,0
Thailand,THA,1980,0,0
Thailand,THA,1981,0,0
Thailand,THA,1982,0,0
Thailand,THA,1983,0,0
Thailand,THA,1984,0,0
Thailand,THA,1985,0,0
Thailand,THA,1986,0,0
Thailand,THA,1987,0,0
Thailand,THA,1988,0,0
Thailand,THA,1989,0,0
Thailand,THA,1990,0,0
Thailand,THA,1991,0,0
Thailand,THA,1992,0,0
Thailand,THA,1993,1,1
Thailand,THA,1994,1,2
Thailand,THA,1995,0,2
Thailand,THA,1996,0,2
Thailand,THA,1997,1,3
Thailand,THA,1998,1,4
Thailand,THA,1999,0,4
Thailand,THA,2000,0,4
Thailand,THA,2001,0,4
Thailand,THA,2002,0,4
Thailand,THA,2003,0,4
Thailand,THA,2004,0,4
Thailand,THA,2005,1,5
Thailand,THA,2006,1,6
Thailand,THA,2007,0,6
Thailand,THA,2008,1,7
Thailand,THA,2009,0,7
Thailand,THA,2010,0,7
Thailand,THA,2011,0,7
Thailand,THA,2012,0,7
Thailand,THA,2013,0,7
Thailand,THA,2014,1,8
Thailand,THA,2015,0,8
Thailand,THA,2016,1,9
Thailand,THA,2017,0,9
Thailand,THA,2018,1,10
Thailand,THA,2019,1,11
Thailand,THA,2020,1,12
Thailand,THA,2021,2,14
Thailand,THA,2022,0,14
Thailand,THA,2023,1,15
Thailand,THA,2024,0,15
Thailand,THA,2025,1,16
Tunisia,TUN,1957,0,0
Tunisia,TUN,1958,0,0
Tunisia,TUN,1959,0,0
Tunisia,TUN,1960,0,0
Tunisia,TUN,1961,0,0
Tunisia,TUN,1962,0,0
Tunisia,TUN,1963,0,0
Tunisia,TUN,1964,0,0
Tunisia,TUN,1965,0,0
Tunisia,TUN,1966,0,0
Tunisia,TUN,1967,0,0
Tunisia,TUN,1968,0,0
Tunisia,TUN,1969,0,0
Tunisia,TUN,1970,0,0
Tunisia,TUN,1971,0,0
Tunisia,TUN,1972,0,0
Tunisia,TUN,1973,0,0
Tunisia,TUN,1974,0,0
Tunisia,TUN,1975,0,0
Tunisia,TUN,1976,0,0
Tunisia,TUN,1977,0,0
Tunisia,TUN,1978,0,0
Tunisia,TUN,1979,0,0
Tunisia,TUN,1980,0,0
Tunisia,TUN,1981,0,0
Tunisia,TUN,1982,0,0
Tunisia,TUN,1983,0,0
Tunisia,TUN,1984,0,0
Tunisia,TUN,1985,0,0
Tunisia,TUN,1986,0,0
Tunisia,TUN,1987,0,0
Tunisia,TUN,1988,0,0
Tunisia,TUN,1989,0,0
Tunisia,TUN,1990,0,0
Tunisia,TUN,1991,0,0
Tunisia,TUN,1992,0,0
Tunisia,TUN,1993,0,0
Tunisia,TUN,1994,0,0
Tunisia,TUN,1995,0,0
Tunisia,TUN,1996,0,0
Tunisia,TUN,1997,0,0
Tunisia,TUN,1998,0,0
Tunisia,TUN,1999,0,0
Tunisia,TUN,2000,0,0
Tunisia,TUN,2001,0,0
Tunisia,TUN,2002,0,0
Tunisia,TUN,2003,0,0
Tunisia,TUN,2004,0,0
Tunisia,TUN,2005,0,0
Tunisia,TUN,2006,0,0
Tunisia,TUN,2007,0,0
Tunisia,TUN,2008,0,0
Tunisia,TUN,2009,0,0
Tunisia,TUN,2010,0,0
Tunisia,TUN,2011,0,0
Tunisia,TUN,2012,0,0
Tunisia,TUN,2013,0,0
Tunisia,TUN,2014,0,0
Tunisia,TUN,2015,0,0
Tunisia,TUN,2016,0,0
Tunisia,TUN,2017,0,0
Tunisia,TUN,2018,0,0
Tunisia,TUN,2019,0,0
Tunisia,TUN,2020,0,0
Tunisia,TUN,2021,1,1
Tunisia,TUN,2022,0,1
Tunisia,TUN,2023,0,1
Tunisia,TUN,2024,0,1
Tunisia,TUN,2025,0,1
Turkey,TUR,1957,0,0
Turkey,TUR,1958,0,0
Turkey,TUR,1959,0,0
Turkey,TUR,1960,0,0
Turkey,TUR,1961,0,0
Turkey,TUR,1962,0,0
Turkey,TUR,1963,0,0
Turkey,TUR,1964,0,0
Turkey,TUR,1965,0,0
Turkey,TUR,1966,0,0
Turkey,TUR,1967,0,0
Turkey,TUR,1968,0,0
Turkey,TUR,1969,0,0
Turkey,TUR,1970,0,0
Turkey,TUR,1971,0,0
Turkey,TUR,1972,0,0
Turkey,TUR,1973,0,0
Turkey,TUR,1974,0,0
Turkey,TUR,1975,0,0
Turkey,TUR,1976,0,0
Turkey,TUR,1977,0,0
Turkey,TUR,1978,0,0
Turkey,TUR,1979,0,0
Turkey,TUR,1980,0,0
Turkey,TUR,1981,0,0
Turkey,TUR,1982,0,0
Turkey,TUR,1983,0,0
Turkey,TUR,1984,0,0
Turkey,TUR,1985,0,0
Turkey,TUR,1986,0,0
Turkey,TUR,1987,0,0
Turkey,TUR,1988,0,0
Turkey,TUR,1989,0,0
Turkey,TUR,1990,0,0
Turkey,TUR,1991,0,0
Turkey,TUR,1992,0,0
Turkey,TUR,1993,0,0
Turkey,TUR,1994,1,1
Turkey,TUR,1995,0,1
Turkey,TUR,1996,1,2
Turkey,TUR,1997,0,2
Turkey,TUR,1998,0,2
Turkey,TUR,1999,0,2
Turkey,TUR,2000,0,2
Turkey,TUR,2001,1,3
Turkey,TUR,2002,0,3
Turkey,TUR,2003,1,4
Turkey,TUR,2004,0,4
Turkey,TUR,2005,0,4
Turkey,TUR,2006,0,4
Turkey,TUR,2007,0,4
Turkey,TUR,2008,1,5
Turkey,TUR,2009,1,6
Turkey,TUR,2010,0,6
Turkey,TUR,2011,1,7
Turkey,TUR,2012,1,8
Turkey,TUR,2013,1,9
Turkey,TUR,2014,1,10
Turkey,TUR,2015,1,11
Turkey,TUR,2016,1,12
Turkey,TUR,2017,0,12
Turkey,TUR,2018,1,13
Turkey,TUR,2019,0,13
Turkey,TUR,2020,0,13
Turkey,TUR,2021,3,16
Turkey,TUR,2022,2,18
Turkey,TUR,2023,9,27
Turkey,TUR,2024,5,32
Turkey,TUR,2025,20,52
Turkmenistan,TKM,1957,0,0
Turkmenistan,TKM,1958,0,0
Turkmenistan,TKM,1959,0,0
Turkmenistan,TKM,1960,0,0
Turkmenistan,TKM,1961,0,0
Turkmenistan,TKM,1962,0,0
Turkmenistan,TKM,1963,0,0
Turkmenistan,TKM,1964,0,0
Turkmenistan,TKM,1965,0,0
Turkmenistan,TKM,1966,0,0
Turkmenistan,TKM,1967,0,0
Turkmenistan,TKM,1968,0,0
Turkmenistan,TKM,1969,0,0
Turkmenistan,TKM,1970,0,0
Turkmenistan,TKM,1971,0,0
Turkmenistan,TKM,1972,0,0
Turkmenistan,TKM,1973,0,0
Turkmenistan,TKM,1974,0,0
Turkmenistan,TKM,1975,0,0
Turkmenistan,TKM,1976,0,0
Turkmenistan,TKM,1977,0,0
Turkmenistan,TKM,1978,0,0
Turkmenistan,TKM,1979,0,0
Turkmenistan,TKM,1980,0,0
Turkmenistan,TKM,1981,0,0
Turkmenistan,TKM,1982,0,0
Turkmenistan,TKM,1983,0,0
Turkmenistan,TKM,1984,0,0
Turkmenistan,TKM,1985,0,0
Turkmenistan,TKM,1986,0,0
Turkmenistan,TKM,1987,0,0
Turkmenistan,TKM,1988,0,0
Turkmenistan,TKM,1989,0,0
Turkmenistan,TKM,1990,0,0
Turkmenistan,TKM,1991,0,0
Turkmenistan,TKM,1992,0,0
Turkmenistan,TKM,1993,0,0
Turkmenistan,TKM,1994,0,0
Turkmenistan,TKM,1995,0,0
Turkmenistan,TKM,1996,0,0
Turkmenistan,TKM,1997,0,0
Turkmenistan,TKM,1998,0,0
Turkmenistan,TKM,1999,0,0
Turkmenistan,TKM,2000,0,0
Turkmenistan,TKM,2001,0,0
Turkmenistan,TKM,2002,0,0
Turkmenistan,TKM,2003,0,0
Turkmenistan,TKM,2004,0,0
Turkmenistan,TKM,2005,0,0
Turkmenistan,TKM,2006,0,0
Turkmenistan,TKM,2007,0,0
Turkmenistan,TKM,2008,0,0
Turkmenistan,TKM,2009,0,0
Turkmenistan,TKM,2010,0,0
Turkmenistan,TKM,2011,0,0
Turkmenistan,TKM,2012,0,0
Turkmenistan,TKM,2013,0,0
Turkmenistan,TKM,2014,0,0
Turkmenistan,TKM,2015,1,1
Turkmenistan,TKM,2016,0,1
Turkmenistan,TKM,2017,0,1
Turkmenistan,TKM,2018,0,1
Turkmenistan,TKM,2019,0,1
Turkmenistan,TKM,2020,0,1
Turkmenistan,TKM,2021,0,1
Turkmenistan,TKM,2022,0,1
Turkmenistan,TKM,2023,0,1
Turkmenistan,TKM,2024,0,1
Turkmenistan,TKM,2025,0,1
Uganda,UGA,1957,0,0
Uganda,UGA,1958,0,0
Uganda,UGA,1959,0,0
Uganda,UGA,1960,0,0
Uganda,UGA,1961,0,0
Uganda,UGA,1962,0,0
Uganda,UGA,1963,0,0
Uganda,UGA,1964,0,0
Uganda,UGA,1965,0,0
Uganda,UGA,1966,0,0
Uganda,UGA,1967,0,0
Uganda,UGA,1968,0,0
Uganda,UGA,1969,0,0
Uganda,UGA,1970,0,0
Uganda,UGA,1971,0,0
Uganda,UGA,1972,0,0
Uganda,UGA,1973,0,0
Uganda,UGA,1974,0,0
Uganda,UGA,1975,0,0
Uganda,UGA,1976,0,0
Uganda,UGA,1977,0,0
Uganda,UGA,1978,0,0
Uganda,UGA,1979,0,0
Uganda,UGA,1980,0,0
Uganda,UGA,1981,0,0
Uganda,UGA,1982,0,0
Uganda,UGA,1983,0,0
Uganda,UGA,1984,0,0
Uganda,UGA,1985,0,0
Uganda,UGA,1986,0,0
Uganda,UGA,1987,0,0
Uganda,UGA,1988,0,0
Uganda,UGA,1989,0,0
Uganda,UGA,1990,0,0
Uganda,UGA,1991,0,0
Uganda,UGA,1992,0,0
Uganda,UGA,1993,0,0
Uganda,UGA,1994,0,0
Uganda,UGA,1995,0,0
Uganda,UGA,1996,0,0
Uganda,UGA,1997,0,0
Uganda,UGA,1998,0,0
Uganda,UGA,1999,0,0
Uganda,UGA,2000,0,0
Uganda,UGA,2001,0,0
Uganda,UGA,2002,0,0
Uganda,UGA,2003,0,0
Uganda,UGA,2004,0,0
Uganda,UGA,2005,0,0
Uganda,UGA,2006,0,0
Uganda,UGA,2007,0,0
Uganda,UGA,2008,0,0
Uganda,UGA,2009,0,0
Uganda,UGA,2010,0,0
Uganda,UGA,2011,0,0
Uganda,UGA,2012,0,0
Uganda,UGA,2013,0,0
Uganda,UGA,2014,0,0
Uganda,UGA,2015,0,0
Uganda,UGA,2016,0,0
Uganda,UGA,2017,0,0
Uganda,UGA,2018,0,0
Uganda,UGA,2019,0,0
Uganda,UGA,2020,0,0
Uganda,UGA,2021,0,0
Uganda,UGA,2022,1,1
Uganda,UGA,2023,0,1
Uganda,UGA,2024,0,1
Uganda,UGA,2025,0,1
Ukraine,UKR,1957,0,0
Ukraine,UKR,1958,0,0
Ukraine,UKR,1959,0,0
Ukraine,UKR,1960,0,0
Ukraine,UKR,1961,0,0
Ukraine,UKR,1962,0,0
Ukraine,UKR,1963,0,0
Ukraine,UKR,1964,0,0
Ukraine,UKR,1965,0,0
Ukraine,UKR,1966,0,0
Ukraine,UKR,1967,0,0
Ukraine,UKR,1968,0,0
Ukraine,UKR,1969,0,0
Ukraine,UKR,1970,0,0
Ukraine,UKR,1971,0,0
Ukraine,UKR,1972,0,0
Ukraine,UKR,1973,0,0
Ukraine,UKR,1974,0,0
Ukraine,UKR,1975,0,0
Ukraine,UKR,1976,0,0
Ukraine,UKR,1977,0,0
Ukraine,UKR,1978,0,0
Ukraine,UKR,1979,0,0
Ukraine,UKR,1980,0,0
Ukraine,UKR,1981,0,0
Ukraine,UKR,1982,0,0
Ukraine,UKR,1983,0,0
Ukraine,UKR,1984,0,0
Ukraine,UKR,1985,0,0
Ukraine,UKR,1986,0,0
Ukraine,UKR,1987,0,0
Ukraine,UKR,1988,0,0
Ukraine,UKR,1989,0,0
Ukraine,UKR,1990,0,0
Ukraine,UKR,1991,0,0
Ukraine,UKR,1992,0,0
Ukraine,UKR,1993,0,0
Ukraine,UKR,1994,0,0
Ukraine,UKR,1995,1,1
Ukraine,UKR,1996,0,1
Ukraine,UKR,1997,0,1
Ukraine,UKR,1998,0,1
Ukraine,UKR,1999,0,1
Ukraine,UKR,2000,0,1
Ukraine,UKR,2001,0,1
Ukraine,UKR,2002,0,1
Ukraine,UKR,2003,0,1
Ukraine,UKR,2004,2,3
Ukraine,UKR,2005,0,3
Ukraine,UKR,2006,0,3
Ukraine,UKR,2007,0,3
Ukraine,UKR,2008,0,3
Ukraine,UKR,2009,0,3
Ukraine,UKR,2010,1,4
Ukraine,UKR,2011,2,6
Ukraine,UKR,2012,0,6
Ukraine,UKR,2013,1,7
Ukraine,UKR,2014,1,8
Ukraine,UKR,2015,0,8
Ukraine,UKR,2016,0,8
Ukraine,UKR,2017,0,8
Ukraine,UKR,2018,0,8
Ukraine,UKR,2019,0,8
Ukraine,UKR,2020,0,8
Ukraine,UKR,2021,0,8
Ukraine,UKR,2022,1,9
Ukraine,UKR,2023,1,10
Ukraine,UKR,2024,0,10
Ukraine,UKR,2025,0,10
United Arab Emirates,ARE,1957,0,0
United Arab Emirates,ARE,1958,0,0
United Arab Emirates,ARE,1959,0,0
United Arab Emirates,ARE,1960,0,0
United Arab Emirates,ARE,1961,0,0
United Arab Emirates,ARE,1962,0,0
United Arab Emirates,ARE,1963,0,0
United Arab Emirates,ARE,1964,0,0
United Arab Emirates,ARE,1965,0,0
United Arab Emirates,ARE,1966,0,0
United Arab Emirates,ARE,1967,0,0
United Arab Emirates,ARE,1968,0,0
United Arab Emirates,ARE,1969,0,0
United Arab Emirates,ARE,1970,0,0
United Arab Emirates,ARE,1971,0,0
United Arab Emirates,ARE,1972,0,0
United Arab Emirates,ARE,1973,0,0
United Arab Emirates,ARE,1974,0,0
United Arab Emirates,ARE,1975,0,0
United Arab Emirates,ARE,1976,0,0
United Arab Emirates,ARE,1977,0,0
United Arab Emirates,ARE,1978,0,0
United Arab Emirates,ARE,1979,0,0
United Arab Emirates,ARE,1980,0,0
United Arab Emirates,ARE,1981,0,0
United Arab Emirates,ARE,1982,0,0
United Arab Emirates,ARE,1983,0,0
United Arab Emirates,ARE,1984,0,0
United Arab Emirates,ARE,1985,0,0
United Arab Emirates,ARE,1986,0,0
United Arab Emirates,ARE,1987,0,0
United Arab Emirates,ARE,1988,0,0
United Arab Emirates,ARE,1989,0,0
United Arab Emirates,ARE,1990,0,0
United Arab Emirates,ARE,1991,0,0
United Arab Emirates,ARE,1992,0,0
United Arab Emirates,ARE,1993,0,0
United Arab Emirates,ARE,1994,0,0
United Arab Emirates,ARE,1995,0,0
United Arab Emirates,ARE,1996,0,0
United Arab Emirates,ARE,1997,0,0
United Arab Emirates,ARE,1998,0,0
United Arab Emirates,ARE,1999,0,0
United Arab Emirates,ARE,2000,1,1
United Arab Emirates,ARE,2001,0,1
United Arab Emirates,ARE,2002,0,1
United Arab Emirates,ARE,2003,1,2
United Arab Emirates,ARE,2004,0,2
United Arab Emirates,ARE,2005,0,2
United Arab Emirates,ARE,2006,0,2
United Arab Emirates,ARE,2007,0,2
United Arab Emirates,ARE,2008,1,3
United Arab Emirates,ARE,2009,1,4
United Arab Emirates,ARE,2010,0,4
United Arab Emirates,ARE,2011,1,5
United Arab Emirates,ARE,2012,1,6
United Arab Emirates,ARE,2013,1,7
United Arab Emirates,ARE,2014,0,7
United Arab Emirates,ARE,2015,0,7
United Arab Emirates,ARE,2016,0,7
United Arab Emirates,ARE,2017,1,8
United Arab Emirates,ARE,2018,1,9
United Arab Emirates,ARE,2019,1,10
United Arab Emirates,ARE,2020,3,13
United Arab Emirates,ARE,2021,4,17
United Arab Emirates,ARE,2022,3,20
United Arab Emirates,ARE,2023,2,22
United Arab Emirates,ARE,2024,1,23
United Arab Emirates,ARE,2025,13,36
United Kingdom,GBR,1957,0,0
United Kingdom,GBR,1958,0,0
United Kingdom,GBR,1959,0,0
United Kingdom,GBR,1960,0,0
United Kingdom,GBR,1961,0,0
United Kingdom,GBR,1962,1,1
United Kingdom,GBR,1963,0,1
United Kingdom,GBR,1964,1,2
United Kingdom,GBR,1965,0,2
United Kingdom,GBR,1966,0,2
United Kingdom,GBR,1967,1,3
United Kingdom,GBR,1968,0,3
United Kingdom,GBR,1969,2,5
United Kingdom,GBR,1970,1,6
United Kingdom,GBR,1971,2,8
United Kingdom,GBR,1972,0,8
United Kingdom,GBR,1973,0,8
United Kingdom,GBR,1974,4,12
United Kingdom,GBR,1975,0,12
United Kingdom,GBR,1976,0,12
United Kingdom,GBR,1977,0,12
United Kingdom,GBR,1978,0,12
United Kingdom,GBR,1979,2,14
United Kingdom,GBR,1980,0,14
United Kingdom,GBR,1981,2,16
United Kingdom,GBR,1982,0,16
United Kingdom,GBR,1983,0,16
United Kingdom,GBR,1984,2,18
United Kingdom,GBR,1985,0,18
United Kingdom,GBR,1986,0,18
United Kingdom,GBR,1987,0,18
United Kingdom,GBR,1988,1,19
United Kingdom,GBR,1989,2,21
United Kingdom,GBR,1990,5,26
United Kingdom,GBR,1991,1,27
United Kingdom,GBR,1992,0,27
United Kingdom,GBR,1993,0,27
United Kingdom,GBR,1994,2,29
United Kingdom,GBR,1995,0,29
United Kingdom,GBR,1996,0,29
United Kingdom,GBR,1997,0,29
United Kingdom,GBR,1998,1,30
United Kingdom,GBR,1999,2,32
United Kingdom,GBR,2000,4,36
United Kingdom,GBR,2001,1,37
United Kingdom,GBR,2002,0,37
United Kingdom,GBR,2003,1,38
United Kingdom,GBR,2004,0,38
United Kingdom,GBR,2005,3,41
United Kingdom,GBR,2006,0,41
United Kingdom,GBR,2007,2,43
United Kingdom,GBR,2008,3,46
United Kingdom,GBR,2009,3,49
United Kingdom,GBR,2010,3,52
United Kingdom,GBR,2011,2,54
United Kingdom,GBR,2012,4,58
United Kingdom,GBR,2013,7,65
United Kingdom,GBR,2014,10,75
United Kingdom,GBR,2015,7,82
United Kingdom,GBR,2016,1,83
United Kingdom,GBR,2017,7,90
United Kingdom,GBR,2018,12,102
United Kingdom,GBR,2019,14,116
United Kingdom,GBR,2020,104,220
United Kingdom,GBR,2021,289,509
United Kingdom,GBR,2022,112,621
United Kingdom,GBR,2023,145,766
United Kingdom,GBR,2024,31,797
United Kingdom,GBR,2025,10,807
United States,USA,1957,0,0
United States,USA,1958,7,7
United States,USA,1959,11,18
United States,USA,1960,17,35
United States,USA,1961,31,66
United States,USA,1962,55,121
United States,USA,1963,54,175
United States,USA,1964,71,246
United States,USA,1965,94,340
United States,USA,1966,99,439
United States,USA,1967,85,524
United States,USA,1968,61,585
United States,USA,1969,62,647
United States,USA,1970,31,678
United States,USA,1971,46,724
United States,USA,1972,37,761
United States,USA,1973,28,789
United States,USA,1974,19,808
United States,USA,1975,30,838
United States,USA,1976,26,864
United States,USA,1977,24,888
United States,USA,1978,35,923
United States,USA,1979,19,942
United States,USA,1980,16,958
United States,USA,1981,20,978
United States,USA,1982,20,998
United States,USA,1983,26,1024
United States,USA,1984,31,1055
United States,USA,1985,30,1085
United States,USA,1986,11,1096
United States,USA,1987,10,1106
United States,USA,1988,19,1125
United States,USA,1989,25,1150
United States,USA,1990,44,1194
United States,USA,1991,32,1226
United States,USA,1992,28,1254
United States,USA,1993,31,1285
United States,USA,1994,35,1320
United States,USA,1995,40,1360
United States,USA,1996,41,1401
United States,USA,1997,88,1489
United States,USA,1998,91,1580
United States,USA,1999,80,1660
United States,USA,2000,56,1716
United States,USA,2001,34,1750
United States,USA,2002,33,1783
United States,USA,2003,28,1811
United States,USA,2004,21,1832
United States,USA,2005,21,1853
United States,USA,2006,36,1889
United States,USA,2007,46,1935
United States,USA,2008,25,1960
United States,USA,2009,38,1998
United States,USA,2010,36,2034
United States,USA,2011,30,2064
United States,USA,2012,34,2098
United States,USA,2013,80,2178
United States,USA,2014,96,2274
United States,USA,2015,105,2379
United States,USA,2016,105,2484
United States,USA,2017,286,2770
United States,USA,2018,191,2961
United States,USA,2019,362,3323
United States,USA,2020,984,4307
United States,USA,2021,1232,5539
United States,USA,2022,1936,7475
United States,USA,2023,2233,9708
United States,USA,2024,2261,11969
United States,USA,2025,3708,15677
Uruguay,URY,1957,0,0
Uruguay,URY,1958,0,0
Uruguay,URY,1959,0,0
Uruguay,URY,1960,0,0
Uruguay,URY,1961,0,0
Uruguay,URY,1962,0,0
Uruguay,URY,1963,0,0
Uruguay,URY,1964,0,0
Uruguay,URY,1965,0,0
Uruguay,URY,1966,0,0
Uruguay,URY,1967,0,0
Uruguay,URY,1968,0,0
Uruguay,URY,1969,0,0
Uruguay,URY,1970,0,0
Uruguay,URY,1971,0,0
Uruguay,URY,1972,0,0
Uruguay,URY,1973,0,0
Uruguay,URY,1974,0,0
Uruguay,URY,1975,0,0
Uruguay,URY,1976,0,0
Uruguay,URY,1977,0,0
Uruguay,URY,1978,0,0
Uruguay,URY,1979,0,0
Uruguay,URY,1980,0,0
Uruguay,URY,1981,0,0
Uruguay,URY,1982,0,0
Uruguay,URY,1983,0,0
Uruguay,URY,1984,0,0
Uruguay,URY,1985,0,0
Uruguay,URY,1986,0,0
Uruguay,URY,1987,0,0
Uruguay,URY,1988,0,0
Uruguay,URY,1989,0,0
Uruguay,URY,1990,0,0
Uruguay,URY,1991,0,0
Uruguay,URY,1992,0,0
Uruguay,URY,1993,0,0
Uruguay,URY,1994,0,0
Uruguay,URY,1995,0,0
Uruguay,URY,1996,0,0
Uruguay,URY,1997,0,0
Uruguay,URY,1998,0,0
Uruguay,URY,1999,0,0
Uruguay,URY,2000,0,0
Uruguay,URY,2001,0,0
Uruguay,URY,2002,0,0
Uruguay,URY,2003,0,0
Uruguay,URY,2004,0,0
Uruguay,URY,2005,0,0
Uruguay,URY,2006,0,0
Uruguay,URY,2007,0,0
Uruguay,URY,2008,0,0
Uruguay,URY,2009,0,0
Uruguay,URY,2010,0,0
Uruguay,URY,2011,0,0
Uruguay,URY,2012,0,0
Uruguay,URY,2013,0,0
Uruguay,URY,2014,1,1
Uruguay,URY,2015,0,1
Uruguay,URY,2016,2,3
Uruguay,URY,2017,1,4
Uruguay,URY,2018,2,6
Uruguay,URY,2019,0,6
Uruguay,URY,2020,13,19
Uruguay,URY,2021,4,23
Uruguay,URY,2022,9,32
Uruguay,URY,2023,13,45
Uruguay,URY,2024,4,49
Uruguay,URY,2025,4,53
Venezuela,VEN,1957,0,0
Venezuela,VEN,1958,0,0
Venezuela,VEN,1959,0,0
Venezuela,VEN,1960,0,0
Venezuela,VEN,1961,0,0
Venezuela,VEN,1962,0,0
Venezuela,VEN,1963,0,0
Venezuela,VEN,1964,0,0
Venezuela,VEN,1965,0,0
Venezuela,VEN,1966,0,0
Venezuela,VEN,1967,0,0
Venezuela,VEN,1968,0,0
Venezuela,VEN,1969,0,0
Venezuela,VEN,1970,0,0
Venezuela,VEN,1971,0,0
Venezuela,VEN,1972,0,0
Venezuela,VEN,1973,0,0
Venezuela,VEN,1974,0,0
Venezuela,VEN,1975,0,0
Venezuela,VEN,1976,0,0
Venezuela,VEN,1977,0,0
Venezuela,VEN,1978,0,0
Venezuela,VEN,1979,0,0
Venezuela,VEN,1980,0,0
Venezuela,VEN,1981,0,0
Venezuela,VEN,1982,0,0
Venezuela,VEN,1983,0,0
Venezuela,VEN,1984,0,0
Venezuela,VEN,1985,0,0
Venezuela,VEN,1986,0,0
Venezuela,VEN,1987,0,0
Venezuela,VEN,1988,0,0
Venezuela,VEN,1989,0,0
Venezuela,VEN,1990,0,0
Venezuela,VEN,1991,0,0
Venezuela,VEN,1992,0,0
Venezuela,VEN,1993,0,0
Venezuela,VEN,1994,0,0
Venezuela,VEN,1995,0,0
Venezuela,VEN,1996,0,0
Venezuela,VEN,1997,0,0
Venezuela,VEN,1998,0,0
Venezuela,VEN,1999,0,0
Venezuela,VEN,2000,0,0
Venezuela,VEN,2001,0,0
Venezuela,VEN,2002,0,0
Venezuela,VEN,2003,0,0
Venezuela,VEN,2004,0,0
Venezuela,VEN,2005,0,0
Venezuela,VEN,2006,0,0
Venezuela,VEN,2007,0,0
Venezuela,VEN,2008,2,2
Venezuela,VEN,2009,0,2
Venezuela,VEN,2010,0,2
Venezuela,VEN,2011,0,2
Venezuela,VEN,2012,1,3
Venezuela,VEN,2013,0,3
Venezuela,VEN,2014,0,3
Venezuela,VEN,2015,0,3
Venezuela,VEN,2016,0,3
Venezuela,VEN,2017,1,4
Venezuela,VEN,2018,0,4
Venezuela,VEN,2019,0,4
Venezuela,VEN,2020,0,4
Venezuela,VEN,2021,0,4
Venezuela,VEN,2022,0,4
Venezuela,VEN,2023,0,4
Venezuela,VEN,2024,0,4
Venezuela,VEN,2025,0,4
Vietnam,VNM,1957,0,0
Vietnam,VNM,1958,0,0
Vietnam,VNM,1959,0,0
Vietnam,VNM,1960,0,0
Vietnam,VNM,1961,0,0
Vietnam,VNM,1962,0,0
Vietnam,VNM,1963,0,0
Vietnam,VNM,1964,0,0
Vietnam,VNM,1965,0,0
Vietnam,VNM,1966,0,0
Vietnam,VNM,1967,0,0
Vietnam,VNM,1968,0,0
Vietnam,VNM,1969,0,0
Vietnam,VNM,1970,0,0
Vietnam,VNM,1971,0,0
Vietnam,VNM,1972,0,0
Vietnam,VNM,1973,0,0
Vietnam,VNM,1974,0,0
Vietnam,VNM,1975,0,0
Vietnam,VNM,1976,0,0
Vietnam,VNM,1977,0,0
Vietnam,VNM,1978,0,0
Vietnam,VNM,1979,0,0
Vietnam,VNM,1980,0,0
Vietnam,VNM,1981,0,0
Vietnam,VNM,1982,0,0
Vietnam,VNM,1983,0,0
Vietnam,VNM,1984,0,0
Vietnam,VNM,1985,0,0
Vietnam,VNM,1986,0,0
Vietnam,VNM,1987,0,0
Vietnam,VNM,1988,0,0
Vietnam,VNM,1989,0,0
Vietnam,VNM,1990,0,0
Vietnam,VNM,1991,0,0
Vietnam,VNM,1992,0,0
Vietnam,VNM,1993,0,0
Vietnam,VNM,1994,0,0
Vietnam,VNM,1995,0,0
Vietnam,VNM,1996,0,0
Vietnam,VNM,1997,0,0
Vietnam,VNM,1998,0,0
Vietnam,VNM,1999,0,0
Vietnam,VNM,2000,0,0
Vietnam,VNM,2001,0,0
Vietnam,VNM,2002,0,0
Vietnam,VNM,2003,0,0
Vietnam,VNM,2004,0,0
Vietnam,VNM,2005,0,0
Vietnam,VNM,2006,0,0
Vietnam,VNM,2007,0,0
Vietnam,VNM,2008,1,1
Vietnam,VNM,2009,0,1
Vietnam,VNM,2010,0,1
Vietnam,VNM,2011,0,1
Vietnam,VNM,2012,2,3
Vietnam,VNM,2013,2,5
Vietnam,VNM,2014,0,5
Vietnam,VNM,2015,0,5
Vietnam,VNM,2016,0,5
Vietnam,VNM,2017,0,5
Vietnam,VNM,2018,0,5
Vietnam,VNM,2019,1,6
Vietnam,VNM,2020,0,6
Vietnam,VNM,2021,0,6
Vietnam,VNM,2022,0,6
Vietnam,VNM,2023,0,6
Vietnam,VNM,2024,0,6
Vietnam,VNM,2025,0,6
Zimbabwe,ZWE,1957,0,0
Zimbabwe,ZWE,1958,0,0
Zimbabwe,ZWE,1959,0,0
Zimbabwe,ZWE,1960,0,0
Zimbabwe,ZWE,1961,0,0
Zimbabwe,ZWE,1962,0,0
Zimbabwe,ZWE,1963,0,0
Zimbabwe,ZWE,1964,0,0
Zimbabwe,ZWE,1965,0,0
Zimbabwe,ZWE,1966,0,0
Zimbabwe,ZWE,1967,0,0
Zimbabwe,ZWE,1968,0,0
Zimbabwe,ZWE,1969,0,0
Zimbabwe,ZWE,1970,0,0
Zimbabwe,ZWE,1971,0,0
Zimbabwe,ZWE,1972,0,0
Zimbabwe,ZWE,1973,0,0
Zimbabwe,ZWE,1974,0,0
Zimbabwe,ZWE,1975,0,0
Zimbabwe,ZWE,1976,0,0
Zimbabwe,ZWE,1977,0,0
Zimbabwe,ZWE,1978,0,0
Zimbabwe,ZWE,1979,0,0
Zimbabwe,ZWE,1980,0,0
Zimbabwe,ZWE,1981,0,0
Zimbabwe,ZWE,1982,0,0
Zimbabwe,ZWE,1983,0,0
Zimbabwe,ZWE,1984,0,0
Zimbabwe,ZWE,1985,0,0
Zimbabwe,ZWE,1986,0,0
Zimbabwe,ZWE,1987,0,0
Zimbabwe,ZWE,1988,0,0
Zimbabwe,ZWE,1989,0,0
Zimbabwe,ZWE,1990,0,0
Zimbabwe,ZWE,1991,0,0
Zimbabwe,ZWE,1992,0,0
Zimbabwe,ZWE,1993,0,0
Zimbabwe,ZWE,1994,0,0
Zimbabwe,ZWE,1995,0,0
Zimbabwe,ZWE,1996,0,0
Zimbabwe,ZWE,1997,0,0
Zimbabwe,ZWE,1998,0,0
Zimbabwe,ZWE,1999,0,0
Zimbabwe,ZWE,2000,0,0
Zimbabwe,ZWE,2001,0,0
Zimbabwe,ZWE,2002,0,0
Zimbabwe,ZWE,2003,0,0
Zimbabwe,ZWE,2004,0,0
Zimbabwe,ZWE,2005,0,0
Zimbabwe,ZWE,2006,0,0
Zimbabwe,ZWE,2007,0,0
Zimbabwe,ZWE,2008,0,0
Zimbabwe,ZWE,2009,0,0
Zimbabwe,ZWE,2010,0,0
Zimbabwe,ZWE,2011,0,0
Zimbabwe,ZWE,2012,0,0
Zimbabwe,ZWE,2013,0,0
Zimbabwe,ZWE,2014,0,0
Zimbabwe,ZWE,2015,0,0
Zimbabwe,ZWE,2016,0,0
Zimbabwe,ZWE,2017,0,0
Zimbabwe,ZWE,2018,0,0
Zimbabwe,ZWE,2019,0,0
Zimbabwe,ZWE,2020,0,0
Zimbabwe,ZWE,2021,0,0
Zimbabwe,ZWE,2022,1,1
Zimbabwe,ZWE,2023,0,1
Zimbabwe,ZWE,2024,1,2
Zimbabwe,ZWE,2025,0,2
